alcaldia_catalogo,colonia_catalogo,total_incidencias,total_delitos,total_falla_alumbrado,total_delitos_nocturnos
Azcapotzalco,Aguilera,7,23,0.0,6.0
Azcapotzalco,Aldana,3,45,0.0,8.0
Azcapotzalco,Ampliacion Cosmopolita,5,22,0.0,6.0
Azcapotzalco,Ampliacion Del Gas,13,73,2.0,22.0
Azcapotzalco,Ampliacion Petrolera,11,31,1.0,8.0
Azcapotzalco,Ampliacion San Pedro Xalpa,27,206,2.0,60.0
Azcapotzalco,Angel Zimbron,14,38,0.0,9.0
Azcapotzalco,Arenal,39,44,1.0,12.0
Azcapotzalco,Barrio Coltongo,9,42,3.0,13.0
Azcapotzalco,Barrio Los Reyes,1,48,0.0,14.0
Azcapotzalco,Barrio Nextengo,20,77,2.0,18.0
Azcapotzalco,Barrio San Andres,17,57,0.0,14.0
Azcapotzalco,Barrio San Marcos,12,82,1.0,23.0
Azcapotzalco,Barrio San Mateo,22,22,3.0,6.0
Azcapotzalco,Barrio Santa Apolonia,17,80,1.0,24.0
Azcapotzalco,Barrio Santa Lucia,7,16,0.0,4.0
Azcapotzalco,Centro De Azcapotzalco,22,221,2.0,52.0
Azcapotzalco,Claveria,50,181,4.0,47.0
Azcapotzalco,Coltongo,9,25,1.0,7.0
Azcapotzalco,Cosmopolita,10,40,0.0,13.0
Azcapotzalco,Del Gas,15,106,2.0,29.0
Azcapotzalco,Del Maestro,1,38,1.0,9.0
Azcapotzalco,Del Recreo,62,116,5.0,30.0
Azcapotzalco,El Jaguey,5,43,0.0,12.0
Azcapotzalco,El Rosario,151,360,9.0,99.0
Azcapotzalco,Estacion Pantaco,7,45,1.0,9.0
Azcapotzalco,Euzkadi,15,39,0.0,12.0
Azcapotzalco,Ex-Hacienda El Rosario,31,111,1.0,27.0
Azcapotzalco,Ferreria,1,17,0.0,6.0
Azcapotzalco,Ignacio Allende,11,16,2.0,2.0
Azcapotzalco,Industrial San Antonio,4,15,1.0,5.0
Azcapotzalco,Industrial Vallejo,24,216,3.0,48.0
Azcapotzalco,Jardin Azpeitia,2,46,0.0,10.0
Azcapotzalco,La Preciosa,24,48,2.0,13.0
Azcapotzalco,La Raza,7,81,1.0,23.0
Azcapotzalco,Las Salinas,15,14,2.0,5.0
Azcapotzalco,Liberacion,26,39,0.0,9.0
Azcapotzalco,Libertad,13,13,1.0,4.0
Azcapotzalco,Monte Alto,2,8,0.0,7.0
Azcapotzalco,Nueva El Rosario,5,54,0.0,16.0
Azcapotzalco,Nueva España,7,22,1.0,7.0
Azcapotzalco,Nueva Santa Maria,80,192,17.0,51.0
Azcapotzalco,Nuevo Barrio San Rafael,4,19,0.0,8.0
Azcapotzalco,Obrero Popular,13,79,0.0,25.0
Azcapotzalco,Pasteros,19,65,0.0,24.0
Azcapotzalco,Patrimonio Familiar,3,16,0.0,6.0
Azcapotzalco,Petrolera,22,56,7.0,12.0
Azcapotzalco,Plenitud,32,53,2.0,13.0
Azcapotzalco,Porvenir,5,46,0.0,13.0
Azcapotzalco,Potrero Del Llano,4,10,0.0,1.0
Azcapotzalco,Prados Del Rosario,27,59,2.0,16.0
Azcapotzalco,Pro Hogar,52,149,12.0,55.0
Azcapotzalco,Providencia,50,91,3.0,25.0
Azcapotzalco,Pueblo San Andres,55,40,4.0,10.0
Azcapotzalco,Pueblo San Andres De Las Salinas,2,8,0.0,2.0
Azcapotzalco,Pueblo San Bartolo Cahualtongo,3,28,1.0,6.0
Azcapotzalco,Pueblo San Francisco Tetecala,44,72,2.0,19.0
Azcapotzalco,Pueblo San Francisco Xocotitla,3,53,0.0,17.0
Azcapotzalco,Pueblo San Juan Tlihuaca,62,129,2.0,39.0
Azcapotzalco,Pueblo San Martin Xochinahuac,85,122,3.0,35.0
Azcapotzalco,Pueblo San Miguel Amantla,27,92,7.0,17.0
Azcapotzalco,Pueblo San Pedro Xalpa,13,105,0.0,29.0
Azcapotzalco,Pueblo Santa Barbara,39,118,1.0,26.0
Azcapotzalco,Pueblo Santa Catarina,5,32,0.0,10.0
Azcapotzalco,Pueblo Santa Cruz Acayucan,6,25,0.0,4.0
Azcapotzalco,Pueblo Santa Maria Malinalco,13,67,1.0,15.0
Azcapotzalco,Pueblo Santiago Ahuizotla,25,122,2.0,26.0
Azcapotzalco,Pueblo Santo Domingo,24,51,2.0,17.0
Azcapotzalco,Reynosa Tamaulipas,48,72,0.0,17.0
Azcapotzalco,San Alvaro,23,80,2.0,23.0
Azcapotzalco,San Antonio,18,53,7.0,17.0
Azcapotzalco,San Rafael,7,24,0.0,9.0
Azcapotzalco,San Salvador Xochimanca,11,29,0.0,6.0
Azcapotzalco,San Sebastian,9,39,1.0,11.0
Azcapotzalco,Santa Cruz De Las Salinas,11,76,0.0,18.0
Azcapotzalco,Santa Ines,30,34,0.0,13.0
Azcapotzalco,Santo Tomas,18,72,0.0,18.0
Azcapotzalco,Sector Naval,5,10,2.0,4.0
Azcapotzalco,Sindicato Mexicano De Electricistas,20,41,1.0,10.0
Azcapotzalco,Tezozomoc,34,121,3.0,35.0
Azcapotzalco,Tierra Nueva,5,63,0.0,17.0
Azcapotzalco,Tlatilco,34,53,2.0,16.0
Azcapotzalco,Trabajadores De Hierro,9,20,0.0,6.0
Azcapotzalco,Un Hogar Para Cada Trabajador,4,27,0.0,5.0
Azcapotzalco,Unidad Cuitlahuac,31,77,2.0,15.0
Azcapotzalco,Victoria De Las Democracias,17,126,0.0,24.0
Benito Juárez,8 De Agosto,6,37,2.0,7.0
Benito Juárez,Acacias,16,97,0.0,16.0
Benito Juárez,Actipan,18,74,0.0,14.0
Benito Juárez,Alamos,98,420,18.0,146.0
Benito Juárez,Albert,2,60,1.0,14.0
Benito Juárez,Americas Unidas,19,111,0.0,22.0
Benito Juárez,Ampliacion Napoles,12,97,0.0,15.0
Benito Juárez,Atenor Salas,3,33,0.0,8.0
Benito Juárez,Barrio Santa Maria Nonoalco,1,1,0.0,0.0
Benito Juárez,Ciudad De Los Deportes,28,128,4.0,42.0
Benito Juárez,Credito Constructor,4,54,1.0,15.0
Benito Juárez,Del Carmen,8,37,0.0,15.0
Benito Juárez,Del Lago,2,18,0.0,6.0
Benito Juárez,Del Valle Centro,84,673,6.0,138.0
Benito Juárez,Del Valle Norte,98,520,11.0,96.0
Benito Juárez,Del Valle Sur,78,593,4.0,146.0
Benito Juárez,Ermita,10,31,1.0,8.0
Benito Juárez,Escandon Ii Seccion,1,1,1.0,0.0
Benito Juárez,Extremadura Insurgentes,14,58,0.0,14.0
Benito Juárez,General Pedro Ma Anaya,21,127,5.0,32.0
Benito Juárez,Independencia,28,166,4.0,51.0
Benito Juárez,Insurgentes Mixcoac,25,212,5.0,52.0
Benito Juárez,Insurgentes San Borja,10,52,0.0,12.0
Benito Juárez,Iztaccihuatl,11,48,3.0,12.0
Benito Juárez,Josefa Ortiz De Dominguez,8,21,0.0,10.0
Benito Juárez,Letran Valle,31,223,2.0,55.0
Benito Juárez,Merced Gomez,4,61,0.0,8.0
Benito Juárez,Miguel Aleman,5,17,0.0,3.0
Benito Juárez,Miravalle,19,73,2.0,17.0
Benito Juárez,Mixcoac,23,129,1.0,30.0
Benito Juárez,Moderna,43,183,7.0,53.0
Benito Juárez,Napoles,45,491,2.0,115.0
Benito Juárez,Narvarte Oriente,82,488,10.0,122.0
Benito Juárez,Narvarte Poniente,102,636,14.0,191.0
Benito Juárez,Nativitas,52,191,17.0,44.0
Benito Juárez,Niños Heroes,17,146,4.0,48.0
Benito Juárez,Noche Buena,18,50,0.0,16.0
Benito Juárez,Periodista,18,26,2.0,11.0
Benito Juárez,Piedad Narvarte,11,326,1.0,81.0
Benito Juárez,Portales Norte,68,340,7.0,99.0
Benito Juárez,Portales Oriente,9,99,1.0,27.0
Benito Juárez,Portales Sur,68,325,7.0,95.0
Benito Juárez,Postal,13,58,0.0,21.0
Benito Juárez,Residencial Emperadores,4,47,0.0,8.0
Benito Juárez,San Jose Insurgentes,28,165,1.0,50.0
Benito Juárez,San Juan,16,137,2.0,33.0
Benito Juárez,San Pedro De Los Pinos,82,404,12.0,80.0
Benito Juárez,San Simon Ticumac,35,214,8.0,63.0
Benito Juárez,Santa Cruz Atoyac,46,531,10.0,108.0
Benito Juárez,Santa Maria Nonoalco,39,169,1.0,53.0
Benito Juárez,Tlacoquemecatl,32,191,1.0,35.0
Benito Juárez,Vertiz Narvarte,21,110,1.0,20.0
Benito Juárez,Viaducto Piedad,2,7,0.0,3.0
Benito Juárez,Villa De Cortes,21,46,7.0,15.0
Benito Juárez,Xoco,18,420,1.0,105.0
Coyoacán,Adolfo Ruiz Cortinez,61,147,13.0,56.0
Coyoacán,Ajusco,139,578,28.0,175.0
Coyoacán,Alianza Popular Revolucionaria,58,114,18.0,36.0
Coyoacán,Atlantida,9,53,1.0,15.0
Coyoacán,Avante,64,133,10.0,34.0
Coyoacán,Barrio Del Niño Jesus,11,51,0.0,14.0
Coyoacán,Barrio La Concepcion,10,59,0.0,17.0
Coyoacán,Barrio Oxtopulco Universidad,9,109,0.0,30.0
Coyoacán,Barrio San Lucas,21,50,0.0,16.0
Coyoacán,Barrio Santa Catarina,28,148,3.0,32.0
Coyoacán,Bosques De Tetlameya,16,12,2.0,6.0
Coyoacán,Cafetales,14,40,6.0,9.0
Coyoacán,Campestre Churubusco,60,329,9.0,101.0
Coyoacán,Campestre Coyoacan,3,11,0.0,2.0
Coyoacán,Cantil Del Pedregal,17,12,3.0,5.0
Coyoacán,Carmen Serdan,20,79,0.0,22.0
Coyoacán,Churubusco Country Club,11,75,1.0,19.0
Coyoacán,Ciudad Jardin,24,82,3.0,24.0
Coyoacán,Ciudad Universitaria,13,230,0.0,42.0
Coyoacán,Copilco El Alto,6,37,0.0,15.0
Coyoacán,Copilco El Bajo,7,88,1.0,24.0
Coyoacán,Copilco Universidad,5,76,0.0,22.0
Coyoacán,Cuadrante De San Francisco,12,108,5.0,28.0
Coyoacán,Culhuacan C.T.M. Secciën X,30,57,7.0,21.0
Coyoacán,Culhuacan Ctm Canal Nacional,12,49,2.0,8.0
Coyoacán,Culhuacan Ctm Croc,21,34,0.0,3.0
Coyoacán,Culhuacan Ctm Seccion Iii,9,15,1.0,5.0
Coyoacán,Culhuacan Ctm Seccion Ix-A,19,48,9.0,14.0
Coyoacán,Culhuacan Ctm Seccion Ix-B,37,47,6.0,18.0
Coyoacán,Culhuacan Ctm Seccion Piloto,11,33,0.0,14.0
Coyoacán,Culhuacan Ctm Seccion V,56,103,13.0,42.0
Coyoacán,Culhuacan Ctm Seccion Vi,12,79,3.0,24.0
Coyoacán,Culhuacan Ctm Seccion Vii,15,70,2.0,21.0
Coyoacán,Culhuacan Ctm Seccion Viii,32,128,4.0,44.0
Coyoacán,Culhuacan Ctm Seccion X-A,14,27,2.0,8.0
Coyoacán,Del Carmen,70,427,10.0,128.0
Coyoacán,Educacion,43,94,6.0,27.0
Coyoacán,El Caracol,5,35,0.0,8.0
Coyoacán,El Centinela,7,44,1.0,15.0
Coyoacán,El Mirador,2,25,0.0,5.0
Coyoacán,El Parque De Coyoacan,6,19,1.0,7.0
Coyoacán,El Reloj,10,30,2.0,6.0
Coyoacán,El Rosario,6,26,2.0,8.0
Coyoacán,El Rosedal,14,88,1.0,31.0
Coyoacán,Emiliano Zapata,5,21,1.0,6.0
Coyoacán,Emiliano Zapata Fraccionamiento Popular,10,63,1.0,19.0
Coyoacán,Espartaco,23,70,1.0,21.0
Coyoacán,Ex Ejido San Pablo Tepetlapa,9,26,1.0,5.0
Coyoacán,Ex Hacienda Coapa,10,51,0.0,19.0
Coyoacán,Ex-Ejido De San Francisco Culhuacan,14,163,1.0,56.0
Coyoacán,Ex-Hacienda De Guadalupe Chimalistac,1,1,0.0,0.0
Coyoacán,Haciendas De Coyoacan,5,45,0.0,12.0
Coyoacán,Hermosillo,6,13,1.0,3.0
Coyoacán,Huayamilpas,9,29,3.0,10.0
Coyoacán,Insurgentes Cuicuilco,17,318,0.0,73.0
Coyoacán,Jardines De Coyoacan,7,41,1.0,14.0
Coyoacán,Jardines Del Pedregal De San Angel,5,65,0.0,13.0
Coyoacán,Los Cedros,9,14,1.0,3.0
Coyoacán,Los Cipreses,10,103,0.0,24.0
Coyoacán,Los Girasoles,28,106,4.0,22.0
Coyoacán,Los Olivos,9,6,6.0,2.0
Coyoacán,Los Sauces,5,36,0.0,14.0
Coyoacán,Nueva Diaz Ordaz,2,16,0.0,7.0
Coyoacán,Olimpica,6,14,0.0,6.0
Coyoacán,Parque San Andres,64,154,2.0,50.0
Coyoacán,Paseos De Taxqueña,63,141,12.0,37.0
Coyoacán,Pedregal De Carrasco,54,237,8.0,66.0
Coyoacán,Pedregal De Santa Ursula,119,429,26.0,139.0
Coyoacán,Pedregal De Santo Domingo,235,1033,50.0,322.0
Coyoacán,Pedregal De Sn Francisco,1,8,0.0,1.0
Coyoacán,Petrolera Taxqueña,4,40,0.0,13.0
Coyoacán,Prado Churubusco,70,138,5.0,36.0
Coyoacán,Prados De Coyoacan,23,29,5.0,7.0
Coyoacán,Presidentes Ejidales 1A Seccion,36,39,8.0,15.0
Coyoacán,Presidentes Ejidales 2A Seccion,28,56,4.0,15.0
Coyoacán,Pueblo De Los Reyes,44,203,5.0,63.0
Coyoacán,Pueblo De Santa Ursula Coapa,35,211,4.0,81.0
Coyoacán,Pueblo La Candelaria,14,123,3.0,44.0
Coyoacán,Pueblo San Pablo Tepetlapa,16,80,1.0,30.0
Coyoacán,Romero De Terreros,39,289,9.0,62.0
Coyoacán,San Diego Churubusco,18,79,2.0,26.0
Coyoacán,San Francisco Culhuacan Barrio De La Magdalena,11,46,1.0,11.0
Coyoacán,San Francisco Culhuacan Barrio De San Francisco,27,83,7.0,21.0
Coyoacán,San Francisco Culhuacan Barrio De San Juan,7,49,1.0,21.0
Coyoacán,San Francisco Culhuacan Barrio De Santa Ana,20,35,13.0,5.0
Coyoacán,San Mateo,4,26,1.0,13.0
Coyoacán,Santa Cecilia,9,26,1.0,5.0
Coyoacán,Viejo Ejido Santa Ursula Coapa,26,133,5.0,48.0
Coyoacán,Villa Coyoacan,10,107,0.0,35.0
Coyoacán,Villa Quietud,18,76,1.0,23.0
Coyoacán,Xotepingo,12,34,1.0,13.0
Cuajimalpa De Morelos,Abdias Garcia Soto,1,8,0.0,3.0
Cuajimalpa De Morelos,Adolfo Lopez Mateos,18,22,4.0,5.0
Cuajimalpa De Morelos,Agua Bendita,1,2,1.0,1.0
Cuajimalpa De Morelos,Ahuatenco,1,2,0.0,1.0
Cuajimalpa De Morelos,Amado Nervo,3,5,1.0,1.0
Cuajimalpa De Morelos,Bosques De Las Lomas,35,167,8.0,35.0
Cuajimalpa De Morelos,Contadero,6,133,0.0,34.0
Cuajimalpa De Morelos,Cruz Blanca,1,4,1.0,0.0
Cuajimalpa De Morelos,Cuajimalpa,51,312,5.0,70.0
Cuajimalpa De Morelos,El Ebano,2,7,0.0,2.0
Cuajimalpa De Morelos,El Molinito,1,4,0.0,0.0
Cuajimalpa De Morelos,El Yaqui,7,49,0.0,20.0
Cuajimalpa De Morelos,Granjas Navidad,16,102,5.0,23.0
Cuajimalpa De Morelos,Jesus Del Monte,16,101,3.0,19.0
Cuajimalpa De Morelos,La Manzanita,17,53,8.0,12.0
Cuajimalpa De Morelos,La Pila,5,25,0.0,6.0
Cuajimalpa De Morelos,Las Maromas,9,31,6.0,11.0
Cuajimalpa De Morelos,Locaxco,3,10,0.0,6.0
Cuajimalpa De Morelos,Loma Del Padre,5,43,2.0,16.0
Cuajimalpa De Morelos,Lomas De Memetla,2,20,1.0,5.0
Cuajimalpa De Morelos,Lomas De Sn Pedro,1,9,0.0,4.0
Cuajimalpa De Morelos,Lomas De Vista Hermosa,18,85,3.0,25.0
Cuajimalpa De Morelos,Manzanastitla,3,9,0.0,2.0
Cuajimalpa De Morelos,Memetla,2,11,0.0,1.0
Cuajimalpa De Morelos,Paseo De Las Lomas,18,19,7.0,2.0
Cuajimalpa De Morelos,Pueblo San Lorenzo Acopilco,5,111,1.0,26.0
Cuajimalpa De Morelos,Pueblo San Mateo Tlaltenango,11,145,5.0,40.0
Cuajimalpa De Morelos,Pueblo San Pablo Chimalpa,1,59,1.0,16.0
Cuajimalpa De Morelos,Pueblo Santa Rosa Xochiac,2,14,0.0,3.0
Cuajimalpa De Morelos,San Jose De Los Cedros,27,103,1.0,28.0
Cuajimalpa De Morelos,San Pedro,7,36,2.0,7.0
Cuajimalpa De Morelos,Santa Fe Cuajimalpa,55,349,1.0,65.0
Cuajimalpa De Morelos,Tepetongo,3,2,0.0,1.0
Cuajimalpa De Morelos,Xalpa,7,18,1.0,3.0
Cuajimalpa De Morelos,Zentlapatl,10,65,2.0,23.0
Cuauhtémoc,Algarin,29,137,5.0,33.0
Cuauhtémoc,Ampl. Asturias,35,173,4.0,48.0
Cuauhtémoc,Asturias,75,76,5.0,20.0
Cuauhtémoc,Atlampa,46,220,4.0,53.0
Cuauhtémoc,Buenavista,75,812,7.0,192.0
Cuauhtémoc,Buenos Aires,21,105,1.0,42.0
Cuauhtémoc,Centro,454,4067,40.0,891.0
Cuauhtémoc,Condesa,68,263,5.0,77.0
Cuauhtémoc,Cuauhtemoc,111,687,21.0,157.0
Cuauhtémoc,Doctores,510,2339,199.0,403.0
Cuauhtémoc,Esperanza,14,60,1.0,17.0
Cuauhtémoc,Ex Hipodromo De Peralvillo,77,273,3.0,66.0
Cuauhtémoc,Felipe Pescador,6,50,0.0,19.0
Cuauhtémoc,Guerrero,136,903,17.0,277.0
Cuauhtémoc,Hipodromo,173,764,17.0,208.0
Cuauhtémoc,Hipodromo Condesa,40,161,2.0,46.0
Cuauhtémoc,Juarez,97,1315,5.0,380.0
Cuauhtémoc,Maza,3,31,0.0,9.0
Cuauhtémoc,Morelos,101,819,12.0,175.0
Cuauhtémoc,Nonoalco Tlatelolco,120,492,38.0,124.0
Cuauhtémoc,Obrera,148,677,17.0,196.0
Cuauhtémoc,Paulino Navarro,21,51,1.0,18.0
Cuauhtémoc,Peralvillo,51,297,9.0,74.0
Cuauhtémoc,Roma Norte,222,1359,19.0,432.0
Cuauhtémoc,Roma Sur,133,611,12.0,169.0
Cuauhtémoc,San Rafael,88,441,9.0,124.0
Cuauhtémoc,San Simon Tolnahuac,142,252,8.0,68.0
Cuauhtémoc,Santa Maria Insurgentes,29,66,3.0,20.0
Cuauhtémoc,Santa Maria La Ribera,181,750,34.0,186.0
Cuauhtémoc,Tabacalera,33,351,2.0,91.0
Cuauhtémoc,Transito,61,288,5.0,84.0
Cuauhtémoc,Valle Gomez,28,117,1.0,37.0
Cuauhtémoc,Vista Alegre,13,111,3.0,31.0
Gustavo A. Madero,15 De Agosto,2,49,0.0,17.0
Gustavo A. Madero,25 De Julio,13,34,2.0,21.0
Gustavo A. Madero,6 De Junio,3,12,0.0,3.0
Gustavo A. Madero,7 De Noviembre,8,68,2.0,20.0
Gustavo A. Madero,Acueducto De Guadalupe,29,114,4.0,27.0
Gustavo A. Madero,Ahuehuetes,6,26,1.0,14.0
Gustavo A. Madero,Ampliacion Arboledas,9,4,2.0,0.0
Gustavo A. Madero,Ampliacion Benito Juarez,4,13,0.0,3.0
Gustavo A. Madero,Ampliacion Casas Aleman,32,257,3.0,76.0
Gustavo A. Madero,Ampliacion Castillo Grande,2,4,0.0,2.0
Gustavo A. Madero,Ampliacion Chalma De Guadalupe,2,3,1.0,0.0
Gustavo A. Madero,Ampliacion Cocoyotes,1,4,0.0,2.0
Gustavo A. Madero,Ampliacion Emiliano Zapata,3,18,1.0,3.0
Gustavo A. Madero,Ampliacion Gabriel Hernandez,14,130,0.0,37.0
Gustavo A. Madero,Ampliacion Guadalupe Proletaria,5,17,0.0,4.0
Gustavo A. Madero,Ampliacion Martires De Rio Blanco,6,31,0.0,8.0
Gustavo A. Madero,Ampliacion Panamericana,8,22,0.0,6.0
Gustavo A. Madero,Ampliacion Progreso Nacional,10,74,1.0,20.0
Gustavo A. Madero,Ampliacion Providencia,5,55,0.0,12.0
Gustavo A. Madero,Ampliacion San Juan De Aragon,8,63,1.0,12.0
Gustavo A. Madero,Aragon Inguaran,5,43,0.0,13.0
Gustavo A. Madero,Aragon La Villa,19,115,0.0,27.0
Gustavo A. Madero,Arboledas,8,42,2.0,18.0
Gustavo A. Madero,Barrio Candelaria Ticoman,25,57,4.0,18.0
Gustavo A. Madero,Barrio Guadalupe Ticoman,17,23,1.0,5.0
Gustavo A. Madero,Barrio La Laguna Ticoman,8,19,0.0,5.0
Gustavo A. Madero,Barrio La Purisima Ticoman,26,99,7.0,27.0
Gustavo A. Madero,Barrio San Juan Y Guadalupe Ticoman,7,37,2.0,16.0
Gustavo A. Madero,Barrio San Rafael Ticoman,10,11,0.0,3.0
Gustavo A. Madero,Belisario Dominguez,1,16,0.0,3.0
Gustavo A. Madero,Benito Juarez,23,49,2.0,14.0
Gustavo A. Madero,Bondojito,8,72,1.0,18.0
Gustavo A. Madero,C T M Aragon,5,68,0.0,17.0
Gustavo A. Madero,C T M Atzacoalco,37,97,1.0,31.0
Gustavo A. Madero,C T M El Risco,27,71,5.0,18.0
Gustavo A. Madero,Campestre Aragon,19,188,4.0,49.0
Gustavo A. Madero,Capultitlan,6,78,0.0,16.0
Gustavo A. Madero,Castillo Chico,12,11,2.0,5.0
Gustavo A. Madero,Castillo Grande,10,19,2.0,7.0
Gustavo A. Madero,Cerro Del Guerrero,4,28,1.0,9.0
Gustavo A. Madero,Chalma De Guadalupe,54,202,15.0,41.0
Gustavo A. Madero,Churubusco Tepeyac,4,20,0.0,8.0
Gustavo A. Madero,Cocoyotes,6,37,3.0,14.0
Gustavo A. Madero,Compositores Mexicanos,19,59,4.0,13.0
Gustavo A. Madero,Constitucion De La Republica,16,130,2.0,34.0
Gustavo A. Madero,Cuautepec Barrio Alto,11,97,0.0,30.0
Gustavo A. Madero,Cuautepec De Madero,12,92,0.0,27.0
Gustavo A. Madero,Cuchilla Del Tesoro,13,104,0.0,31.0
Gustavo A. Madero,Cuchilla La Joya,2,24,0.0,6.0
Gustavo A. Madero,D M Nacional,12,300,1.0,71.0
Gustavo A. Madero,Defensores De La Republica,11,45,0.0,12.0
Gustavo A. Madero,Del Bosque,6,23,2.0,5.0
Gustavo A. Madero,Del Carmen,12,34,4.0,12.0
Gustavo A. Madero,Del Obrero,4,30,0.0,5.0
Gustavo A. Madero,Dinamita,2,10,0.0,3.0
Gustavo A. Madero,El Arbolillo,2,7,1.0,4.0
Gustavo A. Madero,El Coyol,16,75,1.0,26.0
Gustavo A. Madero,El Olivo,1,32,0.0,9.0
Gustavo A. Madero,El Tepetatal,5,17,1.0,5.0
Gustavo A. Madero,Emiliano Zapata,13,34,4.0,6.0
Gustavo A. Madero,Estanzuela,8,11,0.0,2.0
Gustavo A. Madero,Estrella,22,144,3.0,35.0
Gustavo A. Madero,Ex Ejido San Juan De Aragon Sector 32,2,23,0.0,6.0
Gustavo A. Madero,Ex Ejido San Juan De Aragon Sector 33,4,55,0.0,16.0
Gustavo A. Madero,Ex Escuela De Tiro,27,10,21.0,4.0
Gustavo A. Madero,Faja De Oro,3,19,0.0,8.0
Gustavo A. Madero,Fernando Casas Aleman,1,8,0.0,4.0
Gustavo A. Madero,Forestal,10,54,2.0,12.0
Gustavo A. Madero,Forestal I,5,10,1.0,6.0
Gustavo A. Madero,Forestal Ii,1,5,0.0,3.0
Gustavo A. Madero,Gabriel Hernandez,13,111,0.0,33.0
Gustavo A. Madero,General Felipe Berriozabal,10,33,1.0,16.0
Gustavo A. Madero,Gertrudis Sanchez 1A Seccion,12,33,6.0,14.0
Gustavo A. Madero,Gertrudis Sanchez 2A Seccion,28,88,5.0,34.0
Gustavo A. Madero,Gertrudis Sanchez 3A Seccion,18,84,5.0,28.0
Gustavo A. Madero,Granjas Modernas,9,209,2.0,59.0
Gustavo A. Madero,Guadalupe Insurgentes,16,61,1.0,18.0
Gustavo A. Madero,Guadalupe Proletaria,7,65,1.0,18.0
Gustavo A. Madero,Guadalupe Tepeyac,82,380,7.0,107.0
Gustavo A. Madero,Guadalupe Victoria,18,41,1.0,7.0
Gustavo A. Madero,Guadalupe Victoria Cuautepec,3,18,1.0,4.0
Gustavo A. Madero,Heroe De Nacozari,2,25,0.0,8.0
Gustavo A. Madero,Heroes De Cerro Prieto,4,29,0.0,6.0
Gustavo A. Madero,Heroes De Chapultepec,9,19,0.0,5.0
Gustavo A. Madero,Indeco,3,9,0.0,4.0
Gustavo A. Madero,Industrial,69,308,9.0,81.0
Gustavo A. Madero,Jorge Negrete,57,135,12.0,40.0
Gustavo A. Madero,Juan Gonzalez Romero,12,74,1.0,21.0
Gustavo A. Madero,Juventino Rosas,1,6,0.0,1.0
Gustavo A. Madero,La Casilda,5,37,1.0,9.0
Gustavo A. Madero,La Cruz,1,22,0.0,5.0
Gustavo A. Madero,La Esmeralda,8,75,0.0,18.0
Gustavo A. Madero,La Joya,4,60,0.0,15.0
Gustavo A. Madero,La Joyita,5,30,0.0,7.0
Gustavo A. Madero,La Lengueta,3,27,0.0,15.0
Gustavo A. Madero,La Malinche,40,38,0.0,16.0
Gustavo A. Madero,La Pastora,27,64,1.0,18.0
Gustavo A. Madero,La Pradera,22,90,0.0,21.0
Gustavo A. Madero,Li Legislatura,1,3,0.0,2.0
Gustavo A. Madero,Lindavista Norte,42,193,6.0,57.0
Gustavo A. Madero,Lindavista Sur,50,251,6.0,64.0
Gustavo A. Madero,Lindavista Vallejo 1A Seccion,2,16,0.0,6.0
Gustavo A. Madero,Lindavista Vallejo 2A Seccion,9,23,0.0,5.0
Gustavo A. Madero,Lindavista Vallejo 3A Seccion,4,18,0.0,4.0
Gustavo A. Madero,Loma La Palma,32,123,2.0,38.0
Gustavo A. Madero,Lomas De Cuautepec,12,53,4.0,16.0
Gustavo A. Madero,Luis Donaldo Colosio,2,13,1.0,3.0
Gustavo A. Madero,Magdalena De Las Salinas,31,444,2.0,99.0
Gustavo A. Madero,Malacates,16,47,9.0,17.0
Gustavo A. Madero,Martin Carrera,21,204,2.0,66.0
Gustavo A. Madero,Martires De Rio Blanco,19,71,4.0,25.0
Gustavo A. Madero,Maximino Avila Camacho,4,37,0.0,14.0
Gustavo A. Madero,Narciso Bassols,5,27,0.0,8.0
Gustavo A. Madero,Nueva Atzacoalco,62,286,3.0,83.0
Gustavo A. Madero,Nueva Industrial Vallejo,48,217,4.0,54.0
Gustavo A. Madero,Nueva Tenochtitlan,177,132,15.0,43.0
Gustavo A. Madero,Nueva Vallejo,106,213,44.0,44.0
Gustavo A. Madero,Palmatitla,18,57,0.0,17.0
Gustavo A. Madero,Panamericana,3,36,1.0,7.0
Gustavo A. Madero,Parque Metropolitano,1,1,1.0,0.0
Gustavo A. Madero,Planetario Lindavista,4,15,1.0,4.0
Gustavo A. Madero,Pradera 2A Seccion,14,45,0.0,14.0
Gustavo A. Madero,Progreso Nacional,54,117,2.0,39.0
Gustavo A. Madero,Providencia,44,243,6.0,74.0
Gustavo A. Madero,Pueblo De Santiago Atzacoalco,12,108,0.0,32.0
Gustavo A. Madero,Pueblo San Juan De Aragon,16,217,3.0,70.0
Gustavo A. Madero,Residencial Acueducto De Guadalupe,5,58,2.0,19.0
Gustavo A. Madero,Residencial La Escalera,6,54,0.0,12.0
Gustavo A. Madero,Residencial Zacatenco,34,140,8.0,29.0
Gustavo A. Madero,Rosas Del Tepeyac,1,15,0.0,4.0
Gustavo A. Madero,Salvador Diaz Miron,5,74,0.0,26.0
Gustavo A. Madero,San Antonio,1,8,1.0,2.0
Gustavo A. Madero,San Bartolo Atepehuacan,33,108,0.0,29.0
Gustavo A. Madero,San Felipe De Jesus,52,415,13.0,125.0
Gustavo A. Madero,San Jose De La Escalera,8,55,0.0,17.0
Gustavo A. Madero,San Jose Ticoman,22,29,0.0,12.0
Gustavo A. Madero,San Juan De Aragon,14,38,0.0,9.0
Gustavo A. Madero,San Juan De Aragon I Seccion,40,206,8.0,61.0
Gustavo A. Madero,San Juan De Aragon Ii Seccion,50,131,3.0,33.0
Gustavo A. Madero,San Juan De Aragon Iii Seccion,19,137,2.0,39.0
Gustavo A. Madero,San Juan De Aragon Iv Seccion,10,63,2.0,17.0
Gustavo A. Madero,San Juan De Aragon V Seccion,13,92,2.0,22.0
Gustavo A. Madero,San Juan De Aragon Vi Seccion,45,107,7.0,27.0
Gustavo A. Madero,San Juan De Aragon Vii Seccion,18,172,0.0,46.0
Gustavo A. Madero,San Miguel,3,6,0.0,3.0
Gustavo A. Madero,San Pedro El Chico,18,51,1.0,14.0
Gustavo A. Madero,San Pedro Zacatenco,15,53,3.0,15.0
Gustavo A. Madero,Santa Isabel Tola,38,161,5.0,44.0
Gustavo A. Madero,Santa Maria Ticoman,29,52,0.0,21.0
Gustavo A. Madero,Santa Rosa,49,106,0.0,29.0
Gustavo A. Madero,Santiago Atepetlac,10,19,0.0,1.0
Gustavo A. Madero,Siete Maravillas,7,21,0.0,7.0
Gustavo A. Madero,Solidaridad Nacional,4,27,0.0,7.0
Gustavo A. Madero,Tablas De San Agustin,20,62,0.0,11.0
Gustavo A. Madero,Tepetates,3,4,0.0,1.0
Gustavo A. Madero,Tepeyac Insurgentes,28,173,7.0,38.0
Gustavo A. Madero,Tlacaelel,10,15,1.0,3.0
Gustavo A. Madero,Tlacamaca,13,32,2.0,7.0
Gustavo A. Madero,Tlalpexco,23,52,5.0,16.0
Gustavo A. Madero,Torres Lindavista,17,24,0.0,8.0
Gustavo A. Madero,Tres Estrellas,7,59,1.0,12.0
Gustavo A. Madero,Triunfo De La Republica,7,24,0.0,9.0
Gustavo A. Madero,U.Habit. Cuchilla Del Tesoro,1,3,0.0,2.0
Gustavo A. Madero,Valle De Madero,7,44,1.0,13.0
Gustavo A. Madero,Valle Del Tepeyac,15,23,2.0,5.0
Gustavo A. Madero,Vallejo,42,325,6.0,80.0
Gustavo A. Madero,Vallejo Poniente,28,44,0.0,23.0
Gustavo A. Madero,Vasco De Quiroga,13,158,1.0,57.0
Gustavo A. Madero,Villa De Aragon,32,60,7.0,14.0
Gustavo A. Madero,Villa Gustavo A Madero,22,203,2.0,32.0
Gustavo A. Madero,Villa Hermosa,2,11,0.0,5.0
Gustavo A. Madero,Vista Hermosa,4,14,0.0,4.0
Gustavo A. Madero,Zona Escolar,23,148,3.0,27.0
Gustavo A. Madero,Zona Escolar Oriente,54,55,5.0,14.0
Iztacalco,Agricola Oriental,578,1326,57.0,382.0
Iztacalco,Agricola Pantitlan,293,914,21.0,262.0
Iztacalco,Ampliacion Gabriel Ramos Millan,13,62,1.0,16.0
Iztacalco,Barrio La Asuncion,20,42,3.0,14.0
Iztacalco,Barrio Los Reyes,37,75,0.0,16.0
Iztacalco,Barrio San Francisco Xicaltongo,19,32,11.0,12.0
Iztacalco,Barrio San Miguel,51,59,3.0,20.0
Iztacalco,Barrio San Pedro,18,87,5.0,23.0
Iztacalco,Barrio Santa Cruz,13,18,2.0,7.0
Iztacalco,Barrio Santiago Norte,60,43,44.0,10.0
Iztacalco,Barrio Santiago Sur,41,102,3.0,25.0
Iztacalco,Barrio Zapotla,28,79,8.0,33.0
Iztacalco,Campamento 2 De Octubre,79,282,6.0,96.0
Iztacalco,Carlos Zapata Vela,27,129,2.0,41.0
Iztacalco,Cuchilla Agricola Oriental,15,26,2.0,11.0
Iztacalco,El Rodeo,37,58,8.0,15.0
Iztacalco,Ex-Ejido La Magdalena Mixhuca,3,24,0.0,8.0
Iztacalco,Fraccionamiento Coyuya,3,20,0.0,9.0
Iztacalco,Gabriel Ramos Millan,66,159,11.0,50.0
Iztacalco,Gabriel Ramos Millan Secc Tlacotal,48,97,0.0,34.0
Iztacalco,Gabriel Ramos Millan Seccion Bramadero,69,377,8.0,103.0
Iztacalco,Gabriel Ramos Millan Seccion Cuchilla,17,70,1.0,20.0
Iztacalco,Granjas Mexico,112,647,9.0,214.0
Iztacalco,Infonavit Iztacalco,68,248,15.0,76.0
Iztacalco,Inpi Picos,4,38,0.0,10.0
Iztacalco,Jardines Tecma,20,19,1.0,3.0
Iztacalco,Juventino Rosas,83,204,4.0,67.0
Iztacalco,La Cruz,11,68,0.0,22.0
Iztacalco,Los Picos De Iztacalco Seccion 1 A,14,45,3.0,12.0
Iztacalco,Los Picos De Iztacalco Seccion 1 B,6,18,2.0,7.0
Iztacalco,Los Picos De Iztacalco Seccion 2 A,12,12,2.0,4.0
Iztacalco,Militar Marte,26,74,3.0,18.0
Iztacalco,Moderna,2,1,0.0,0.0
Iztacalco,Nueva Santa Anita,11,41,4.0,14.0
Iztacalco,Reforma Iztaccihuatl Norte,60,72,3.0,18.0
Iztacalco,Reforma Iztaccihuatl Sur,13,48,1.0,14.0
Iztacalco,Santa Anita,31,190,1.0,58.0
Iztacalco,Tlazintla,29,55,2.0,13.0
Iztacalco,Viaducto Piedad,73,195,11.0,66.0
Iztapalapa,12 De Diciembre,8,27,0.0,7.0
Iztapalapa,Agricola Oriental,2,3,0.0,2.0
Iztapalapa,Agricola Pantitlan,1,3,0.0,1.0
Iztapalapa,Albarrada,1,8,0.0,3.0
Iztapalapa,Alvaro Obregon,22,71,0.0,19.0
Iztapalapa,Ampliacion Bellavista,2,9,0.0,1.0
Iztapalapa,Ampliacion El Santuario,4,50,1.0,14.0
Iztapalapa,Ampliacion El Triunfo,131,34,0.0,14.0
Iztapalapa,Ampliacion Emiliano Zapata,75,68,0.0,25.0
Iztapalapa,Ampliacion Los Olivos,30,2,0.0,2.0
Iztapalapa,Ampliacion Los Reyes,12,61,0.0,19.0
Iztapalapa,Ampliacion Paraje San Juan,32,20,0.0,6.0
Iztapalapa,Ampliacion Ricardo Flores Magon,9,29,0.0,10.0
Iztapalapa,Ampliacion Santa Maria Aztahuacan,172,89,1.0,22.0
Iztapalapa,Ampliacion Sinatel,18,34,0.0,9.0
Iztapalapa,Ampliacion Veracruzana,18,8,0.0,3.0
Iztapalapa,Apatlaco,181,102,1.0,28.0
Iztapalapa,Año De Juarez,9,53,2.0,11.0
Iztapalapa,Banjidal,15,34,0.0,12.0
Iztapalapa,Barranca De Guadalupe,7,13,0.0,7.0
Iztapalapa,Barrio Guadalupe,33,45,0.0,8.0
Iztapalapa,Barrio La Asuncion,18,47,0.0,14.0
Iztapalapa,Barrio San Antonio,167,135,1.0,46.0
Iztapalapa,Barrio San Antonio Culhuacan,11,73,0.0,23.0
Iztapalapa,Barrio San Ignacio,28,93,0.0,31.0
Iztapalapa,Barrio San Jose,6,18,1.0,1.0
Iztapalapa,Barrio San Lorenzo,35,47,1.0,18.0
Iztapalapa,Barrio San Lucas,171,143,2.0,27.0
Iztapalapa,Barrio San Miguel,68,264,1.0,80.0
Iztapalapa,Barrio San Pablo,17,108,0.0,36.0
Iztapalapa,Barrio San Pedro,23,80,3.0,27.0
Iztapalapa,Barrio San Simon Culhuacan,10,22,0.0,5.0
Iztapalapa,Barrio Santa Barbara,37,155,0.0,37.0
Iztapalapa,Barrio Tula,13,6,2.0,3.0
Iztapalapa,Bellavista,37,17,0.0,6.0
Iztapalapa,Benito Juarez,5,6,0.0,3.0
Iztapalapa,Buenavista,1187,249,3.0,73.0
Iztapalapa,Cacama,75,62,1.0,13.0
Iztapalapa,Campestre Potrero,89,111,1.0,39.0
Iztapalapa,Cananea,12,22,0.0,10.0
Iztapalapa,Carlos Hank Gonzalez,520,50,2.0,15.0
Iztapalapa,Carlos Jonguitud Barrios,7,19,0.0,5.0
Iztapalapa,Casa Blanca,47,31,0.0,8.0
Iztapalapa,Celoalliotli,62,95,1.0,23.0
Iztapalapa,Central De Abasto,23,533,0.0,120.0
Iztapalapa,Cerro De La Estrella,631,203,0.0,59.0
Iztapalapa,Chinampac De Juarez,134,528,0.0,117.0
Iztapalapa,Citlalli,352,104,0.0,33.0
Iztapalapa,Colonial Iztapalapa,30,17,0.0,3.0
Iztapalapa,Consejo Agrarista Mexicano,645,201,0.0,62.0
Iztapalapa,Constitucion De 1917,174,219,10.0,72.0
Iztapalapa,Coop Allapetlalli,2,12,0.0,3.0
Iztapalapa,Cuchilla Del Moral,40,27,0.0,8.0
Iztapalapa,Degollado,59,11,0.0,1.0
Iztapalapa,Degollado-Mexicatlalli,42,72,0.0,24.0
Iztapalapa,Desarrollo Urbano Quetzalcoatl,735,458,7.0,136.0
Iztapalapa,Dr Alfonso Ortiz Tirado,59,160,0.0,27.0
Iztapalapa,Ejercito De Agua Prieta,53,148,3.0,51.0
Iztapalapa,Ejercito De Oriente,107,70,1.0,19.0
Iztapalapa,Ejercito De Oriente Zona Peñon,29,205,1.0,67.0
Iztapalapa,El Eden,231,8,0.0,2.0
Iztapalapa,El Manto,401,89,1.0,32.0
Iztapalapa,El Mirador,4,28,1.0,9.0
Iztapalapa,El Molino,163,25,1.0,8.0
Iztapalapa,El Molino Tezonco,592,51,1.0,21.0
Iztapalapa,El Paraiso,38,124,0.0,34.0
Iztapalapa,El Prado,15,29,0.0,6.0
Iztapalapa,El Retoño,52,100,0.0,25.0
Iztapalapa,El Rodeo,38,34,0.0,13.0
Iztapalapa,El Rosario,111,63,2.0,20.0
Iztapalapa,El Santuario,38,44,1.0,19.0
Iztapalapa,El Sifon,83,105,1.0,33.0
Iztapalapa,El Triangulo,1559,18,0.0,6.0
Iztapalapa,El Triunfo,51,40,0.0,10.0
Iztapalapa,El Vergel,123,135,1.0,38.0
Iztapalapa,Ermita Zaragoza,216,247,2.0,66.0
Iztapalapa,Escuadron 201,134,145,1.0,38.0
Iztapalapa,Estado De Veracruz,3,2,0.0,0.0
Iztapalapa,Estrella Culhuacan,7,19,0.0,5.0
Iztapalapa,Estrella Del Sur,126,57,0.0,13.0
Iztapalapa,Eva Samano De Lopez Mateos,5,20,0.0,9.0
Iztapalapa,Francisco Villa,351,88,1.0,30.0
Iztapalapa,Fuego Nuevo,451,86,0.0,34.0
Iztapalapa,Granjas De San Antonio,88,108,0.0,31.0
Iztapalapa,Granjas Esmeralda,21,68,1.0,19.0
Iztapalapa,Granjas Estrella,295,52,1.0,13.0
Iztapalapa,Guadalupe Del Moral,141,171,2.0,41.0
Iztapalapa,Heroes De Churubusco,30,51,1.0,13.0
Iztapalapa,Insurgentes,157,44,0.0,14.0
Iztapalapa,Ixtlahuacan,569,100,3.0,34.0
Iztapalapa,Jacarandas,46,81,0.0,27.0
Iztapalapa,Jardines De Churubusco,22,16,0.0,5.0
Iztapalapa,Jardines De San Lorenzo Tezonco,33,47,2.0,11.0
Iztapalapa,Jose Lopez Portillo,307,190,1.0,60.0
Iztapalapa,Jose Maria Morelos Y Pavon,5,19,1.0,5.0
Iztapalapa,Juan Escutia,61,387,7.0,113.0
Iztapalapa,Justo Sierra,9,10,0.0,4.0
Iztapalapa,La Era,137,69,0.0,22.0
Iztapalapa,La Esperanza,46,197,0.0,65.0
Iztapalapa,La Estacion,18,9,0.0,4.0
Iztapalapa,La Planta,45,40,0.0,16.0
Iztapalapa,Las Arboledas,4,1,0.0,0.0
Iztapalapa,Las Peñas,200,74,0.0,25.0
Iztapalapa,Leyes De Reforma 1A Seccion,34,94,0.0,27.0
Iztapalapa,Leyes De Reforma 2A Seccion,64,30,1.0,12.0
Iztapalapa,Leyes De Reforma 3A Seccion,1025,297,0.0,82.0
Iztapalapa,Lomas De La Estancia,124,161,1.0,60.0
Iztapalapa,Lomas De San Lorenzo,151,442,6.0,106.0
Iztapalapa,Lomas De Sta Cruz,31,27,0.0,10.0
Iztapalapa,Lomas De Zaragoza,61,112,0.0,39.0
Iztapalapa,Lomas El Manto,24,12,0.0,4.0
Iztapalapa,Lomas Estrella,73,134,3.0,31.0
Iztapalapa,Los Angeles,200,224,3.0,68.0
Iztapalapa,Los Angeles Apanoaya,48,31,0.0,10.0
Iztapalapa,Los Cipreses,8,17,0.0,5.0
Iztapalapa,Los Picos,18,61,0.0,17.0
Iztapalapa,Miguel De La Madrid Hurtado,299,132,1.0,30.0
Iztapalapa,Minerva,15,24,2.0,6.0
Iztapalapa,Miravalles,97,62,0.0,13.0
Iztapalapa,Mixcoatl,1856,50,1.0,20.0
Iztapalapa,Monte Alban,16,31,0.0,7.0
Iztapalapa,Nueva Rosita,31,37,0.0,7.0
Iztapalapa,Palmitas,129,73,0.0,21.0
Iztapalapa,Paraje San Juan,258,80,1.0,28.0
Iztapalapa,Paraje San Juan Cerro,29,44,4.0,11.0
Iztapalapa,Paraje Zacatepec,852,100,1.0,26.0
Iztapalapa,Parque Nacional Cerro De La Estrella,35,13,0.0,3.0
Iztapalapa,Paseos De Churubusco,78,94,3.0,25.0
Iztapalapa,Plan De Iguala,26,11,3.0,1.0
Iztapalapa,Polvorilla,4602,101,1.0,33.0
Iztapalapa,Prado Churubusco,2,4,0.0,1.0
Iztapalapa,Presidentes De Mexico,50,139,0.0,47.0
Iztapalapa,Progresista,124,115,3.0,44.0
Iztapalapa,Progreso Del Sur,42,17,0.0,7.0
Iztapalapa,Pueblo Aculco,171,87,0.0,19.0
Iztapalapa,Pueblo Culhuacan,10,87,1.0,31.0
Iztapalapa,Pueblo Los Reyes Culhuacan,7,90,2.0,21.0
Iztapalapa,Pueblo Magdalena Atlazolpa,188,50,0.0,24.0
Iztapalapa,Pueblo Mexicaltzingo,14,50,0.0,16.0
Iztapalapa,Pueblo San Andres Tomatlan,16,48,1.0,13.0
Iztapalapa,Pueblo San Juanico Nextipac,44,17,0.0,4.0
Iztapalapa,Pueblo San Lorenzo Tezonco,736,194,1.0,48.0
Iztapalapa,Pueblo San Lorenzo Xicotencatl,23,64,3.0,19.0
Iztapalapa,Pueblo San Sebastian Tecoloxtitla,169,63,1.0,24.0
Iztapalapa,Pueblo Santa Maria Aztahuacan,649,134,3.0,48.0
Iztapalapa,Pueblo Santa Maria Tomatlan,24,67,0.0,20.0
Iztapalapa,Pueblo Santa Martha Acatitla,104,365,0.0,73.0
Iztapalapa,Pueblo Santiago Acahualtepec,50,55,0.0,15.0
Iztapalapa,Pueblo Sta Cruz Meyehualco,24,146,0.0,48.0
Iztapalapa,Puente Blanco,27,89,0.0,34.0
Iztapalapa,Purisima Atlazolpa,8,30,0.0,11.0
Iztapalapa,Real Del Moral,47,45,4.0,11.0
Iztapalapa,Reforma Politica,84,166,1.0,46.0
Iztapalapa,Renovacion,38,167,0.0,58.0
Iztapalapa,Ricardo Flores Magon,27,17,0.0,7.0
Iztapalapa,San Andres Tetepilco,57,109,2.0,37.0
Iztapalapa,San Antonio Culhuacan,34,15,0.0,5.0
Iztapalapa,San Jose Aculco,42,74,0.0,22.0
Iztapalapa,San Jose Buenavista,67,22,2.0,7.0
Iztapalapa,San Juan Estrella,46,18,0.0,8.0
Iztapalapa,San Juan Joya,7,38,2.0,9.0
Iztapalapa,San Juan Xalpa,538,306,3.0,85.0
Iztapalapa,San Miguel 8Va Ampliacion,48,55,0.0,16.0
Iztapalapa,San Miguel Teotongo (Secc La Cruz),72,37,1.0,8.0
Iztapalapa,San Miguel Teotongo (Secc Las Torres),12,13,0.0,4.0
Iztapalapa,San Miguel Teotongo Secc Acorralado,25,15,0.0,4.0
Iztapalapa,San Miguel Teotongo Secc Avisadero,4,16,0.0,5.0
Iztapalapa,San Miguel Teotongo Secc Capilla,14,13,0.0,5.0
Iztapalapa,San Miguel Teotongo Secc Corrales,10,19,0.0,5.0
Iztapalapa,San Miguel Teotongo Secc Guadalupe,48,44,0.0,8.0
Iztapalapa,San Miguel Teotongo Secc Jardines,40,19,0.0,7.0
Iztapalapa,San Miguel Teotongo Secc Loma Alta,15,12,1.0,3.0
Iztapalapa,San Miguel Teotongo Secc Mercedes,8,17,1.0,6.0
Iztapalapa,San Miguel Teotongo Secc Palmitas,8,11,0.0,2.0
Iztapalapa,San Miguel Teotongo Secc Puente,65,26,0.0,8.0
Iztapalapa,San Miguel Teotongo Secc Ranchito,226,27,0.0,9.0
Iztapalapa,San Miguel Teotongo Secc Rancho Bajo,3,5,0.0,1.0
Iztapalapa,San Miguel Teotongo Seccion Iztlahuaca,17,15,0.0,3.0
Iztapalapa,San Nicolas Tolentino,202,69,0.0,15.0
Iztapalapa,San Pablo,170,24,0.0,7.0
Iztapalapa,Santa Isabel Industrial,17,55,2.0,15.0
Iztapalapa,Santa Maria Aztahuacan,2600,240,3.0,65.0
Iztapalapa,Santa Maria Del Monte,3,3,0.0,1.0
Iztapalapa,Santa Martha Acatitla Norte,66,311,4.0,88.0
Iztapalapa,Santa Martha Acatitla Sur,300,176,1.0,55.0
Iztapalapa,Santiago Acahualtepec 1A Ampliaciën,98,62,0.0,15.0
Iztapalapa,Santiago Acahualtepec 2A Ampliacion,118,197,2.0,62.0
Iztapalapa,Sector Popular,81,121,1.0,26.0
Iztapalapa,Sideral,447,14,0.0,7.0
Iztapalapa,Sinatel,12,28,0.0,9.0
Iztapalapa,Tenorios,731,89,0.0,27.0
Iztapalapa,Tepalcates,41,202,4.0,59.0
Iztapalapa,Unidad Ejercito Constitucionalista,34,252,4.0,86.0
Iztapalapa,Unidad Modelo,59,55,2.0,12.0
Iztapalapa,Unidad Santa Cruz Meyehualco,335,316,2.0,81.0
Iztapalapa,Unidad Vicente Guerrero,269,399,9.0,113.0
Iztapalapa,Uscovi,12,10,1.0,4.0
Iztapalapa,Valle De Luces,506,72,0.0,26.0
Iztapalapa,Valle De San Lorenzo,40,140,2.0,45.0
Iztapalapa,Valle Del Sur,50,54,5.0,24.0
Iztapalapa,Xalpa,565,224,6.0,58.0
Iztapalapa,Zacahuitzco,11,36,0.0,11.0
La Magdalena Contreras,Ampliacion Lomas De San Bernabe,1,51,0.0,11.0
La Magdalena Contreras,Ampliacion Potrerillo,1,19,0.0,3.0
La Magdalena Contreras,Barranca Seca,1,82,0.0,18.0
La Magdalena Contreras,Barrio San Francisco,2,59,0.0,16.0
La Magdalena Contreras,Barros Sierra,4,34,0.0,13.0
La Magdalena Contreras,Cuauhtemoc,8,74,1.0,26.0
La Magdalena Contreras,El Ermitaño,4,58,0.0,21.0
La Magdalena Contreras,El Maestro,2,8,0.0,2.0
La Magdalena Contreras,El Ocotal,8,55,0.0,18.0
La Magdalena Contreras,El Rosal,6,82,1.0,26.0
La Magdalena Contreras,El Tanque,11,74,1.0,30.0
La Magdalena Contreras,El Toro,2,46,0.0,15.0
La Magdalena Contreras,Heroes De Padierna,9,89,0.0,27.0
La Magdalena Contreras,Huayatla,5,57,1.0,13.0
La Magdalena Contreras,La Carbonera,1,53,0.0,17.0
La Magdalena Contreras,La Concepcion,5,41,0.0,9.0
La Magdalena Contreras,La Cruz,9,73,1.0,19.0
La Magdalena Contreras,La Guadalupe,2,28,0.0,7.0
La Magdalena Contreras,La Malinche,5,99,0.0,27.0
La Magdalena Contreras,Las Cruces,15,101,1.0,37.0
La Magdalena Contreras,Las Huertas,1,11,0.0,5.0
La Magdalena Contreras,Lomas De San Bernabe,9,77,1.0,22.0
La Magdalena Contreras,Lomas Quebradas,4,76,0.0,25.0
La Magdalena Contreras,Los Padres,1,45,0.0,19.0
La Magdalena Contreras,Palmas,1,15,1.0,6.0
La Magdalena Contreras,Potrerillo,6,22,6.0,6.0
La Magdalena Contreras,Progreso Tizapan,1,2,0.0,1.0
La Magdalena Contreras,Pueblo La Magdalena,4,51,0.0,16.0
La Magdalena Contreras,Pueblo Nuevo Alto,5,91,2.0,35.0
La Magdalena Contreras,Pueblo Nuevo Bajo,1,45,0.0,10.0
La Magdalena Contreras,Pueblo San Bernabe Ocotepec,11,153,2.0,42.0
La Magdalena Contreras,Pueblo San Nicolas Totolapan,13,253,1.0,73.0
La Magdalena Contreras,San Bartolo Ameyalco,4,31,0.0,16.0
La Magdalena Contreras,San Francisco,5,14,0.0,5.0
La Magdalena Contreras,San Jeronimo Aculco,6,113,0.0,27.0
La Magdalena Contreras,San Jeronimo Lidice,37,300,1.0,90.0
La Magdalena Contreras,Santa Teresa,5,52,0.0,13.0
La Magdalena Contreras,Tierra Unida,3,24,1.0,7.0
Miguel Hidalgo,10 De Abril,2,19,0.0,6.0
Miguel Hidalgo,16 De Septiembre,1,31,0.0,12.0
Miguel Hidalgo,5 De Mayo,3,31,2.0,7.0
Miguel Hidalgo,Agricultura,10,85,1.0,30.0
Miguel Hidalgo,Ahuehuetes Anahuac,2,30,0.0,10.0
Miguel Hidalgo,America,2,77,0.0,21.0
Miguel Hidalgo,Ampliacion Daniel Garza,6,107,0.0,27.0
Miguel Hidalgo,Ampliacion Granada,18,164,2.0,31.0
Miguel Hidalgo,Ampliacion Torre Blanca,3,42,0.0,11.0
Miguel Hidalgo,Anahuac I Seccion,16,329,0.0,78.0
Miguel Hidalgo,Anahuac Ii Seccion,18,302,2.0,94.0
Miguel Hidalgo,Anzures,21,303,1.0,54.0
Miguel Hidalgo,Argentina Antigua,2,87,0.0,22.0
Miguel Hidalgo,Argentina Poniente,9,120,0.0,32.0
Miguel Hidalgo,Bosque De Chapultepec I Seccion,12,131,0.0,33.0
Miguel Hidalgo,Bosque De Chapultepec Ii Seccion,4,41,0.0,6.0
Miguel Hidalgo,Bosque De Las Lomas,20,113,0.0,22.0
Miguel Hidalgo,Bosques De Las Lomas,5,4,0.0,0.0
Miguel Hidalgo,Condesa,1,1,0.0,1.0
Miguel Hidalgo,Cuauhtemoc Pensil,4,48,0.0,11.0
Miguel Hidalgo,Daniel Garza,2,74,0.0,24.0
Miguel Hidalgo,Escandon I Seccion,19,175,3.0,51.0
Miguel Hidalgo,Escandon Ii Seccion,26,255,2.0,60.0
Miguel Hidalgo,Francisco I Madero,6,20,1.0,9.0
Miguel Hidalgo,Granada,25,368,0.0,86.0
Miguel Hidalgo,Huichapan,5,43,0.0,13.0
Miguel Hidalgo,Ignacio Manuel Altamirano,1,14,0.0,4.0
Miguel Hidalgo,Irrigacion,30,165,1.0,31.0
Miguel Hidalgo,Lago Norte,2,15,0.0,6.0
Miguel Hidalgo,Lago Sur,1,16,0.0,3.0
Miguel Hidalgo,Legaria,1,53,0.0,12.0
Miguel Hidalgo,Loma Hermosa,6,66,0.0,17.0
Miguel Hidalgo,Lomas Altas,10,38,0.0,7.0
Miguel Hidalgo,Lomas De Bezares,3,24,0.0,7.0
Miguel Hidalgo,Lomas De Chapultepec I Seccion,5,31,0.0,5.0
Miguel Hidalgo,Lomas De Chapultepec Ii Seccion,7,25,1.0,4.0
Miguel Hidalgo,Lomas De Chapultepec Iii Seccion,11,206,0.0,42.0
Miguel Hidalgo,Lomas De Chapultepec Iv Seccion,10,79,0.0,11.0
Miguel Hidalgo,Lomas De Chapultepec V Seccion,15,76,2.0,12.0
Miguel Hidalgo,Lomas De Chapultepec Vi Seccion,8,44,0.0,5.0
Miguel Hidalgo,Lomas De Chapultepec Vii Seccion,2,16,0.0,1.0
Miguel Hidalgo,Lomas De Chapultepec Viii Seccion,8,49,0.0,12.0
Miguel Hidalgo,Lomas De Sotelo,3,46,0.0,12.0
Miguel Hidalgo,Los Manzanos,5,82,1.0,25.0
Miguel Hidalgo,Manuel Avila Camacho,1,29,0.0,14.0
Miguel Hidalgo,Mariano Escobedo,4,31,0.0,7.0
Miguel Hidalgo,Mexico Nuevo,2,57,0.0,13.0
Miguel Hidalgo,Modelo Pensil,2,47,0.0,9.0
Miguel Hidalgo,Molino Del Rey,3,22,0.0,3.0
Miguel Hidalgo,Nextitla,4,29,0.0,7.0
Miguel Hidalgo,Observatorio,5,115,0.0,21.0
Miguel Hidalgo,Panteon Civil De Dolores,3,12,0.0,1.0
Miguel Hidalgo,Pensil Norte,4,93,1.0,29.0
Miguel Hidalgo,Pensil Sur,3,28,0.0,14.0
Miguel Hidalgo,Periodista,5,96,1.0,25.0
Miguel Hidalgo,Plutarco Elias Calles,3,22,1.0,4.0
Miguel Hidalgo,Polanco I Seccion,8,121,0.0,27.0
Miguel Hidalgo,Polanco Ii Seccion,32,134,2.0,32.0
Miguel Hidalgo,Polanco Iii Seccion,17,173,1.0,52.0
Miguel Hidalgo,Polanco Iv Seccion,20,210,2.0,41.0
Miguel Hidalgo,Polanco V Seccion,33,409,2.0,94.0
Miguel Hidalgo,Popo,5,27,0.0,13.0
Miguel Hidalgo,Popotla,24,239,3.0,58.0
Miguel Hidalgo,Real De Las Lomas,2,7,0.0,1.0
Miguel Hidalgo,Reforma Pensil,5,58,1.0,15.0
Miguel Hidalgo,Reforma Social,5,63,0.0,13.0
Miguel Hidalgo,Residencial Militar,3,30,0.0,6.0
Miguel Hidalgo,San Diego Ocoyoacac,22,81,6.0,29.0
Miguel Hidalgo,San Joaquin,6,55,0.0,14.0
Miguel Hidalgo,San Juanico,12,54,0.0,10.0
Miguel Hidalgo,San Lorenzo Tlatenango,9,39,0.0,18.0
Miguel Hidalgo,San Miguel Chapultepec I Seccion,27,229,5.0,47.0
Miguel Hidalgo,San Miguel Chapultepec Ii Seccion,26,111,0.0,29.0
Miguel Hidalgo,Tacuba,43,343,3.0,80.0
Miguel Hidalgo,Tacubaya,17,343,5.0,83.0
Miguel Hidalgo,Tlaxpana,12,149,2.0,39.0
Miguel Hidalgo,Torre Blanca,8,90,2.0,27.0
Miguel Hidalgo,Un Hogar Para Nosotros,5,38,1.0,8.0
Miguel Hidalgo,Ventura Perez De Alva,9,35,0.0,14.0
Miguel Hidalgo,Veronica Anzures,17,146,0.0,33.0
Milpa Alta,Barrio Centro,10,26,1.0,5.0
Milpa Alta,Barrio Chalmita,32,26,2.0,10.0
Milpa Alta,Barrio Cruztitla,11,77,3.0,26.0
Milpa Alta,Barrio La Concepcion,1,39,0.0,10.0
Milpa Alta,Barrio La Lupita Teticpac,5,20,1.0,4.0
Milpa Alta,Barrio La Lupita Xolco,3,4,0.0,0.0
Milpa Alta,Barrio La Luz,4,16,2.0,5.0
Milpa Alta,Barrio Los Angeles,1,19,0.0,5.0
Milpa Alta,Barrio Nochtla,6,18,3.0,6.0
Milpa Alta,Barrio Ocotitla,21,23,2.0,4.0
Milpa Alta,Barrio Panchimalco,9,27,1.0,8.0
Milpa Alta,Barrio San Jose,5,27,0.0,5.0
Milpa Alta,Barrio San Juan,1,21,0.0,7.0
Milpa Alta,Barrio San Marcos,1,22,0.0,8.0
Milpa Alta,Barrio San Mateo,8,41,1.0,14.0
Milpa Alta,Barrio San Miguel,5,44,1.0,8.0
Milpa Alta,Barrio San Miguel Pueblo Santa Ana Tlacotenco,3,6,0.0,1.0
Milpa Alta,Barrio Santa Cruz,22,57,3.0,13.0
Milpa Alta,Barrio Santa Martha,42,54,1.0,17.0
Milpa Alta,Barrio Tecaxtitla,5,25,0.0,8.0
Milpa Alta,Barrio Tenantitla,38,28,1.0,5.0
Milpa Alta,Barrio Tula,5,17,1.0,8.0
Milpa Alta,Barrio Xaltipac,4,23,1.0,8.0
Milpa Alta,Barrio Xochitepetl,23,86,4.0,26.0
Milpa Alta,La Conchita,23,23,19.0,10.0
Milpa Alta,Pueblo San Agustin Ohtenco,13,19,0.0,5.0
Milpa Alta,Pueblo San Bartolome Xicomulco,93,49,11.0,13.0
Milpa Alta,Pueblo San Francisco Tecoxpa,28,42,1.0,11.0
Milpa Alta,Pueblo San Jeronimo Miacatlan,12,30,0.0,11.0
Milpa Alta,Pueblo San Juan Tepenahuac,4,30,0.0,9.0
Milpa Alta,Pueblo San Lorenzo Tlacoyucan,18,46,3.0,9.0
Milpa Alta,Pueblo San Salvador Cuauhtenco,105,106,3.0,25.0
Milpa Alta,Villa Milpa Alta Centro,1,49,0.0,13.0
Tlalpan,2 De Octubre,6,30,1.0,12.0
Tlalpan,A M S A,5,65,1.0,18.0
Tlalpan,Ampliacion Fuentes Del Pedregal,7,89,0.0,28.0
Tlalpan,Ampliacion Isidro Fabela,8,21,1.0,7.0
Tlalpan,Arenal De Guadalupe,7,46,2.0,9.0
Tlalpan,Arenal Tepepan,4,50,2.0,20.0
Tlalpan,Barrio De Caramaguey,2,15,0.0,3.0
Tlalpan,Barrio Del Niño Jesus,6,51,0.0,10.0
Tlalpan,Barrio El Capulin,4,20,0.0,7.0
Tlalpan,Barrio La Fama,2,34,0.0,7.0
Tlalpan,Barrio La Lonja,3,26,1.0,5.0
Tlalpan,Barrio San Fernando,3,11,1.0,5.0
Tlalpan,Belisario Dominguez,15,14,2.0,3.0
Tlalpan,Belisario Dominguez Seccion Xvi,19,147,3.0,37.0
Tlalpan,Belvedere Ajusco,9,42,2.0,13.0
Tlalpan,Bosques Del Pedregal,7,59,1.0,18.0
Tlalpan,Cantera Puente De Piedra,8,30,1.0,8.0
Tlalpan,Chimilli,1,34,0.0,10.0
Tlalpan,Club De Golf Mexico,4,15,0.0,4.0
Tlalpan,Colinas Del Ajusco,6,51,0.0,16.0
Tlalpan,Comuneros De Santa Ursula,7,22,0.0,13.0
Tlalpan,Cruz Del Farol,9,36,0.0,11.0
Tlalpan,Cuchilla De Padierna,4,27,0.0,9.0
Tlalpan,Cultura Maya,2,34,0.0,8.0
Tlalpan,Cumbres De Tepetongo,3,21,0.0,6.0
Tlalpan,Diamante,3,5,2.0,2.0
Tlalpan,Divisadero,3,9,0.0,2.0
Tlalpan,Dolores Tlali,3,14,0.0,5.0
Tlalpan,Ejidos De San Pedro Martir,32,108,4.0,29.0
Tlalpan,El Cantil,7,10,1.0,3.0
Tlalpan,El Charco,9,34,2.0,11.0
Tlalpan,El Mirador 1A Seccion,5,25,0.0,9.0
Tlalpan,El Mirador 2A Seccion,5,5,0.0,1.0
Tlalpan,El Mirador 3A Seccion,4,6,1.0,3.0
Tlalpan,Ex Hacienda Coapa,4,12,2.0,2.0
Tlalpan,Ex Hacienda San Juan De Dios,9,56,1.0,14.0
Tlalpan,Floresta Coyoacan,18,20,1.0,7.0
Tlalpan,Fuentes Brotantes,26,82,1.0,15.0
Tlalpan,Fuentes De Tepepan,10,30,1.0,8.0
Tlalpan,Fuentes Del Pedregal,13,39,2.0,16.0
Tlalpan,Granjas Coapa,41,134,8.0,32.0
Tlalpan,Guadalupe,5,28,0.0,10.0
Tlalpan,Hacienda San Juan,3,17,1.0,6.0
Tlalpan,Haciendas De Coyoacan,2,1,0.0,0.0
Tlalpan,Heroes De 1910,6,24,3.0,8.0
Tlalpan,Heroes De Padierna,43,178,4.0,56.0
Tlalpan,Heroico Colegio Militar,5,10,0.0,3.0
Tlalpan,Isidro Fabela,27,179,2.0,67.0
Tlalpan,Jardines Del Ajusco,23,65,1.0,19.0
Tlalpan,Jardines En La Montaña,4,86,0.0,9.0
Tlalpan,La Joya,9,91,0.0,21.0
Tlalpan,La Palma,37,89,9.0,27.0
Tlalpan,Lomas De Cuilotepec,7,9,1.0,3.0
Tlalpan,Lomas De Padierna,27,222,2.0,72.0
Tlalpan,Lomas De Padierna Sur,3,48,1.0,9.0
Tlalpan,Lomas Del Pedregal,1,8,0.0,1.0
Tlalpan,Lomas Del Pedregal Framboyanes,2,23,0.0,3.0
Tlalpan,Lomas Hidalgo,2,21,0.0,4.0
Tlalpan,Los Encinos,2,30,0.0,14.0
Tlalpan,Los Volcanes,4,55,1.0,23.0
Tlalpan,Magisterial,17,22,5.0,4.0
Tlalpan,Magisterial Coapa,6,72,1.0,24.0
Tlalpan,Maria Esther Zuno De Echeverria,16,21,1.0,4.0
Tlalpan,Mesa De Los Hornos,13,92,1.0,30.0
Tlalpan,Miguel Hidalgo,16,108,0.0,29.0
Tlalpan,Miguel Hidalgo 1A Seccion,7,45,2.0,13.0
Tlalpan,Miguel Hidalgo 2A Seccion,29,125,2.0,29.0
Tlalpan,Miguel Hidalgo 3A Seccion,38,122,7.0,30.0
Tlalpan,Miguel Hidalgo 4A Seccion,34,132,2.0,36.0
Tlalpan,Mirador Del Valle,2,18,0.0,6.0
Tlalpan,Mirador I,6,19,0.0,5.0
Tlalpan,Mirador Ii,8,39,4.0,17.0
Tlalpan,Narciso Mendoza,75,228,7.0,56.0
Tlalpan,Nueva Oriental Coapa,14,35,0.0,6.0
Tlalpan,Nuevo Renacimiento De Axalco,13,22,1.0,5.0
Tlalpan,Paraje 38,4,30,0.0,4.0
Tlalpan,Parque Del Pedregal,4,39,1.0,10.0
Tlalpan,Parque Nacional Bosque Del Pedregal,10,14,0.0,6.0
Tlalpan,Pedregal De Las Aguilas,4,33,0.0,16.0
Tlalpan,Pedregal De San Nicolas 1A Seccion,17,149,1.0,52.0
Tlalpan,Pedregal De San Nicolas 2A Seccion,9,77,0.0,21.0
Tlalpan,Pedregal De San Nicolas 3A Seccion,21,97,1.0,30.0
Tlalpan,Pedregal De San Nicolas 4A Seccion,20,134,0.0,40.0
Tlalpan,Pedregal De San Nicolas 5A Seccion,2,19,2.0,5.0
Tlalpan,Pedregal De Santa Ursula Xitla,1,39,0.0,10.0
Tlalpan,Peña Pobre,2,37,0.0,11.0
Tlalpan,Plan De Ayala,3,10,1.0,2.0
Tlalpan,Popular Santa Teresa,13,57,0.0,20.0
Tlalpan,Prado Coapa 1A Seccion,7,6,0.0,2.0
Tlalpan,Prado Coapa 2A Seccion,13,55,1.0,25.0
Tlalpan,Prado Coapa 3A Seccion,12,33,0.0,9.0
Tlalpan,Primavera,2,11,0.0,2.0
Tlalpan,Pueblo Chimalcoyotl,14,85,4.0,31.0
Tlalpan,Pueblo Jardines De San Juan,5,40,1.0,13.0
Tlalpan,Pueblo La Magdalena Petlacalco,13,74,0.0,29.0
Tlalpan,Pueblo Ocotla,12,119,2.0,33.0
Tlalpan,Pueblo Parres El Guarda,3,36,0.0,5.0
Tlalpan,Pueblo San Andres Totoltepec,47,233,8.0,77.0
Tlalpan,Pueblo San Francisco Tlalnepantla,2,6,0.0,2.0
Tlalpan,Pueblo San Lorenzo Huipulco,24,155,1.0,47.0
Tlalpan,Pueblo San Miguel Ajusco,19,106,7.0,41.0
Tlalpan,Pueblo San Miguel Topilejo,33,439,5.0,126.0
Tlalpan,Pueblo San Miguel Xicalco,10,74,0.0,20.0
Tlalpan,Pueblo San Pedro Martir,53,279,4.0,91.0
Tlalpan,Pueblo Santa Maria Tepepan,2,2,0.0,0.0
Tlalpan,Pueblo Santa Ursula Xitla,31,191,5.0,39.0
Tlalpan,Pueblo Santo Tomas Ajusco,13,119,7.0,33.0
Tlalpan,Rancho Los Colorines,2,17,0.0,3.0
Tlalpan,Residencial Acoxpa,7,19,3.0,5.0
Tlalpan,Residencial Miramontes,1,44,0.0,10.0
Tlalpan,Residencial Villa Coapa,12,84,2.0,13.0
Tlalpan,Rincon Del Pedregal,4,13,0.0,4.0
Tlalpan,Rinconada Coapa 1A Seccion,6,15,1.0,4.0
Tlalpan,Rinconada Coapa 2A Seccion,9,39,0.0,12.0
Tlalpan,Rinconada Las Hadas,4,26,0.0,11.0
Tlalpan,Roca De Cristal,3,3,1.0,2.0
Tlalpan,San Bartolo El Chico,10,60,1.0,15.0
Tlalpan,San Buenaventura,2,11,1.0,2.0
Tlalpan,San Juan Tepeximilpa,7,34,3.0,10.0
Tlalpan,San Pedro Apostol,10,16,0.0,9.0
Tlalpan,Santisima Trinidad,3,13,0.0,4.0
Tlalpan,Tenorios,13,37,1.0,10.0
Tlalpan,Tlalcoligia,9,49,0.0,12.0
Tlalpan,Tlalmille,2,22,0.0,10.0
Tlalpan,Tlalpan,20,206,3.0,50.0
Tlalpan,Tlalpan Centro,7,155,0.0,36.0
Tlalpan,Tlalpuente,5,18,1.0,6.0
Tlalpan,Tlaxcaltenco La Mesa,3,5,0.0,0.0
Tlalpan,Toriello Guerra,37,229,1.0,58.0
Tlalpan,Torres De Padierna,7,17,0.0,5.0
Tlalpan,U.Habit. Zapote 1,2,3,0.0,1.0
Tlalpan,Valle De Tepepan,4,21,0.0,10.0
Tlalpan,Valle Escondido,6,60,1.0,9.0
Tlalpan,Vergel Coapa,3,15,0.0,0.0
Tlalpan,Vergel De Coyoacan,24,29,8.0,9.0
Tlalpan,Vergel Del Sur,14,60,1.0,23.0
Tlalpan,Villa Coapa,12,141,2.0,40.0
Tlalpan,Villa Lazaro Cardenas,16,54,0.0,15.0
Tlalpan,Villa Olimpica,1,40,0.0,4.0
Tlalpan,Villa Quietud,1,2,0.0,1.0
Tlalpan,Villa Tlalpan,7,34,2.0,7.0
Tlalpan,Viveros Coatectlan,1,22,0.0,7.0
Tláhuac,Agricola Metropolitana,11,89,1.0,26.0
Tláhuac,Ampliacion Jose Lopez Portillo,5,22,3.0,4.0
Tláhuac,Ampliacion La Conchita,1,12,0.0,4.0
Tláhuac,Ampliacion Los Olivos,39,84,0.0,17.0
Tláhuac,Ampliacion Santa Catarina,1,15,1.0,4.0
Tláhuac,Ampliacion Selene,6,56,0.0,20.0
Tláhuac,Barrio La Asuncion,12,72,6.0,12.0
Tláhuac,Barrio La Guadalupe,1,2,0.0,1.0
Tláhuac,Barrio La Magdalena,2,37,0.0,7.0
Tláhuac,Barrio Los Reyes,5,99,0.0,28.0
Tláhuac,Barrio San Agustin,7,22,0.0,6.0
Tláhuac,Barrio San Agustin Pueblo San Juan Ixtayopan,5,17,1.0,3.0
Tláhuac,Barrio San Andres,5,18,0.0,1.0
Tláhuac,Barrio San Bartolome,1,21,0.0,8.0
Tláhuac,Barrio San Juan,1,9,0.0,2.0
Tláhuac,Barrio San Mateo,11,54,2.0,14.0
Tláhuac,Barrio San Miguel,4,82,2.0,30.0
Tláhuac,Barrio Santa Ana,1,34,1.0,9.0
Tláhuac,Barrio Santa Ana Centro,5,30,1.0,12.0
Tláhuac,Barrio Santa Ana Norte,12,97,3.0,34.0
Tláhuac,Barrio Santa Ana Poniente,29,192,3.0,64.0
Tláhuac,Barrio Santa Ana Sur,4,19,0.0,5.0
Tláhuac,Barrio Santa Cruz,2,14,0.0,2.0
Tláhuac,Barrio Santiago,2,28,0.0,8.0
Tláhuac,Barrio Santiago Centro Del Pueblo Santiago Zapotitlan,4,31,1.0,9.0
Tláhuac,Barrio Santiago Norte Del Pueblo Santiago Zapotitlan,5,22,2.0,5.0
Tláhuac,Barrio Santiago Sur,10,39,1.0,12.0
Tláhuac,Barrio Tecaxtitla,1,1,0.0,0.0
Tláhuac,Del Mar,17,272,4.0,81.0
Tláhuac,El Rosario,1,22,0.0,4.0
Tláhuac,El Triangulo,14,1,0.0,0.0
Tláhuac,El Triangulo Del Pblo. De Sn. Fco. Tlaltenco,4,29,1.0,11.0
Tláhuac,Francisco Villa,3,16,0.0,5.0
Tláhuac,Granjas Cabrera,10,30,1.0,7.0
Tláhuac,Guadalupe Tlaltenco,6,57,3.0,17.0
Tláhuac,Jaime Torres Bodet,13,61,4.0,14.0
Tláhuac,Jardines Del Llano,2,10,0.0,2.0
Tláhuac,La Asuncion,10,36,1.0,9.0
Tláhuac,La Concepcion,1,25,0.0,5.0
Tláhuac,La Conchita Zapotitlan,35,249,6.0,78.0
Tláhuac,La Draga,9,54,0.0,19.0
Tláhuac,La Estacion,12,122,2.0,39.0
Tláhuac,La Habana,7,72,1.0,18.0
Tláhuac,La Lupita,3,18,0.0,7.0
Tláhuac,La Nopalera,19,81,3.0,21.0
Tláhuac,La Turba,2,34,0.0,7.0
Tláhuac,Las Arboledas,142,127,2.0,46.0
Tláhuac,Los Olivos,5,117,2.0,35.0
Tláhuac,Miguel Hidalgo,23,257,2.0,69.0
Tláhuac,Ojo De Agua,3,42,1.0,9.0
Tláhuac,Peña Alta,2,12,2.0,3.0
Tláhuac,Potrero Del Llano,4,7,0.0,1.0
Tláhuac,Pueblo San Francisco Tlaltenco,48,145,3.0,40.0
Tláhuac,Pueblo San Lorenzo Tezonco,1,2,0.0,1.0
Tláhuac,Pueblo San Nicolas Tetelco,7,36,4.0,13.0
Tláhuac,Pueblo Santa Catarina Yecahuizotl,1,9,0.0,5.0
Tláhuac,Pueblo Tulyehualco,3,45,0.0,6.0
Tláhuac,Quiahuatla,2,46,0.0,14.0
Tláhuac,San Isidro,4,23,1.0,4.0
Tláhuac,San Jose Tlahuac Del Pueblo San Pedro Tlahuac,15,87,1.0,18.0
Tláhuac,San Sebastian Del Pueblo San Pedro Tlahuac,7,49,4.0,15.0
Tláhuac,Santa Cecilia,15,83,6.0,24.0
Tláhuac,Selene,10,69,0.0,27.0
Tláhuac,Selene Del Pueblo San Francisco Tlaltenco,14,116,1.0,34.0
Tláhuac,Tepantitlamilco,2,1,2.0,0.0
Tláhuac,Tierra Blanca,2,15,0.0,9.0
Tláhuac,Villa Centroamericana,9,126,1.0,33.0
Tláhuac,Zacatenco,4,25,0.0,7.0
Tláhuac,Zapotitla,3,74,0.0,26.0
Venustiano Carranza,10 De Mayo,2,42,0.0,13.0
Venustiano Carranza,20 De Noviembre,12,159,1.0,54.0
Venustiano Carranza,4 Arboles,4,56,0.0,14.0
Venustiano Carranza,5To Tramo 20 De Noviembre,7,107,0.0,21.0
Venustiano Carranza,7 De Julio,14,55,1.0,15.0
Venustiano Carranza,Aaron Saenz,1,8,0.0,1.0
Venustiano Carranza,Adolfo Lopez Mateos,7,184,1.0,52.0
Venustiano Carranza,Aeronautica Militar,3,55,0.0,10.0
Venustiano Carranza,Alvaro Obregon,1,54,1.0,14.0
Venustiano Carranza,Ampliacion 20 De Noviembre,5,20,0.0,4.0
Venustiano Carranza,Ampliacion Aviacion Civil,9,43,0.0,19.0
Venustiano Carranza,Ampliacion Caracol,4,34,0.0,6.0
Venustiano Carranza,Ampliacion Michoacana,23,35,0.0,9.0
Venustiano Carranza,Ampliacion Penitenciaria,4,76,0.0,19.0
Venustiano Carranza,Ampliacion Simon Bolivar,3,26,1.0,11.0
Venustiano Carranza,Ampliacion Venustiano Carranza,2,16,0.0,7.0
Venustiano Carranza,Aquiles Serdan,5,94,1.0,21.0
Venustiano Carranza,Arenal 1A. Seccion,6,92,0.0,27.0
Venustiano Carranza,Arenal 2A. Seccion,1,38,0.0,13.0
Venustiano Carranza,Arenal 3A. Seccion,2,73,0.0,27.0
Venustiano Carranza,Arenal 4A. Seccion,5,33,0.0,13.0
Venustiano Carranza,Arenal Puerto Aereo,3,31,1.0,7.0
Venustiano Carranza,Arpto Int De La Cd De Mex-Equipamiento,9,136,2.0,40.0
Venustiano Carranza,Artes Graficas,4,55,1.0,15.0
Venustiano Carranza,Aviacion Civil,9,119,0.0,38.0
Venustiano Carranza,Azteca,1,13,0.0,4.0
Venustiano Carranza,Caracol,8,43,0.0,13.0
Venustiano Carranza,Cuchilla Agricola Oriental,1,1,1.0,1.0
Venustiano Carranza,Cuchilla Pantitlan,10,94,4.0,34.0
Venustiano Carranza,Del Parque,22,200,3.0,37.0
Venustiano Carranza,Emilio Carranza,7,70,0.0,24.0
Venustiano Carranza,Federal,28,201,1.0,44.0
Venustiano Carranza,Felipe Angeles,12,61,1.0,13.0
Venustiano Carranza,General Ignacio Zaragoza,20,306,1.0,96.0
Venustiano Carranza,Granjas Mexico,1,6,0.0,3.0
Venustiano Carranza,Industrial Puerto Aereo,6,105,0.0,28.0
Venustiano Carranza,Jamaica,3,95,0.0,18.0
Venustiano Carranza,Janitzio,3,36,0.0,7.0
Venustiano Carranza,Jardin Balbuena,97,857,6.0,183.0
Venustiano Carranza,Lorenzo Boturini,9,147,2.0,44.0
Venustiano Carranza,Magdalena Mixiuhca,9,128,1.0,39.0
Venustiano Carranza,Merced Balbuena,7,125,0.0,29.0
Venustiano Carranza,Michoacana,7,31,0.0,10.0
Venustiano Carranza,Miguel Hidalgo,1,8,0.0,0.0
Venustiano Carranza,Moctezuma 1A Seccion,21,174,0.0,53.0
Venustiano Carranza,Moctezuma 2A. Seccion,78,673,0.0,180.0
Venustiano Carranza,Morelos,19,421,0.0,142.0
Venustiano Carranza,Nicolas Bravo,20,35,0.0,8.0
Venustiano Carranza,Pensador Mexicano,20,196,2.0,67.0
Venustiano Carranza,Peñon De Los Baños,12,320,1.0,88.0
Venustiano Carranza,Popular Rastro,19,89,5.0,28.0
Venustiano Carranza,Puebla,7,126,0.0,37.0
Venustiano Carranza,Pueblo De La Magdalena Mixiuhca,1,68,1.0,17.0
Venustiano Carranza,Revolucion,3,56,0.0,22.0
Venustiano Carranza,Romero Rubio,17,167,1.0,44.0
Venustiano Carranza,Santa Cruz Aviacion,4,59,1.0,19.0
Venustiano Carranza,Sevilla,1,48,0.0,12.0
Venustiano Carranza,Simon Bolivar,2,87,0.0,29.0
Venustiano Carranza,Valentin Gomez Farias,3,98,0.0,33.0
Venustiano Carranza,Valle Gomez,22,92,0.0,24.0
Venustiano Carranza,Venustiano Carranza,7,31,1.0,11.0
Venustiano Carranza,Zona Centro,44,500,5.0,110.0
Xochimilco,Ampliacion Nativitas,12,36,2.0,12.0
Xochimilco,Ampliacion San Marcos Norte,29,164,2.0,41.0
Xochimilco,Ampliacion Tepepan,5,63,1.0,17.0
Xochimilco,Año De Juarez,617,15,0.0,4.0
Xochimilco,Barrio 18,17,69,5.0,10.0
Xochimilco,Barrio 3 De Mayo,1,2,0.0,0.0
Xochimilco,Barrio Apatlaco,3,19,0.0,4.0
Xochimilco,Barrio Belen,3,37,0.0,6.0
Xochimilco,Barrio Calpulco,1,7,0.0,4.0
Xochimilco,Barrio Caltongo,24,154,1.0,48.0
Xochimilco,Barrio Calyequita,4,53,2.0,18.0
Xochimilco,Barrio El Calvario,1,1,0.0,0.0
Xochimilco,Barrio El Rosario,4,57,0.0,12.0
Xochimilco,Barrio La Asuncion,3,56,0.0,18.0
Xochimilco,Barrio La Concepcion Tlacoapa,6,51,1.0,13.0
Xochimilco,Barrio La Gallera,2,9,1.0,4.0
Xochimilco,Barrio La Guadalupana,3,23,1.0,6.0
Xochimilco,Barrio La Guadalupita,1,20,0.0,8.0
Xochimilco,Barrio La Planta,2,23,1.0,7.0
Xochimilco,Barrio Los Reyes,1,13,0.0,6.0
Xochimilco,Barrio Pocitos,11,13,1.0,2.0
Xochimilco,Barrio San Antonio,3,29,0.0,10.0
Xochimilco,Barrio San Cristobal,4,32,0.0,2.0
Xochimilco,Barrio San Esteban,2,24,1.0,7.0
Xochimilco,Barrio San Juan,2,18,0.0,6.0
Xochimilco,Barrio San Juan Minas,8,6,1.0,0.0
Xochimilco,Barrio San Juan Moyotepec,5,17,0.0,6.0
Xochimilco,Barrio San Juan Pueblo San Luis Tlaxialtemalco,1,20,0.0,8.0
Xochimilco,Barrio San Lorenzo,2,15,1.0,5.0
Xochimilco,Barrio San Marcos,12,57,1.0,14.0
Xochimilco,Barrio San Pedro,4,136,0.0,35.0
Xochimilco,Barrio Santa Crucita,1,26,0.0,11.0
Xochimilco,Barrio Tetitla,1,10,1.0,3.0
Xochimilco,Barrio Xaltocan,10,184,2.0,56.0
Xochimilco,Bosque Residencial Del Sur,24,26,9.0,9.0
Xochimilco,Cerrillos Primera Seccion,1,18,0.0,7.0
Xochimilco,Cerrillos Segunda Seccion,3,13,3.0,5.0
Xochimilco,Cristo Rey,4,14,0.0,1.0
Xochimilco,Del Carmen,4,25,2.0,6.0
Xochimilco,El Jazmin,9,16,3.0,9.0
Xochimilco,El Mirador,7,30,1.0,8.0
Xochimilco,Guadalupita,6,34,0.0,9.0
Xochimilco,Huichapan,6,49,1.0,16.0
Xochimilco,Jardines Del Sur,16,40,5.0,6.0
Xochimilco,La Cañada,2,12,1.0,5.0
Xochimilco,La Concha,2,21,0.0,12.0
Xochimilco,La Noria,18,60,0.0,18.0
Xochimilco,Las Animas,3,11,1.0,5.0
Xochimilco,Las Peritas,2,13,0.0,3.0
Xochimilco,Lomas De Nativitas,2,5,1.0,2.0
Xochimilco,Nativitas,3,44,2.0,18.0
Xochimilco,Paseos Del Sur,3,34,0.0,10.0
Xochimilco,Potrero San Bernardino,2,54,0.0,16.0
Xochimilco,Pueblo San Francisco Tlalnepantla,45,59,3.0,16.0
Xochimilco,Pueblo San Gregorio Atlapulco,40,188,4.0,65.0
Xochimilco,Pueblo San Jose Zacatepec,4,27,0.0,7.0
Xochimilco,Pueblo San Lorenzo Atemoaya,12,56,1.0,12.0
Xochimilco,Pueblo San Lucas Xochimanca,10,124,2.0,36.0
Xochimilco,Pueblo San Luis Tlaxialtemalco,10,102,2.0,27.0
Xochimilco,Pueblo San Mateo Xalpa,21,255,3.0,57.0
Xochimilco,Pueblo Santa Cecilia Tepetlapa,34,60,4.0,14.0
Xochimilco,Pueblo Santa Cruz Acalpixca,22,62,3.0,16.0
Xochimilco,Pueblo Santa Cruz Xochitepec,15,92,3.0,29.0
Xochimilco,Pueblo Santa Maria Nativitas,23,68,13.0,18.0
Xochimilco,Pueblo Santa Maria Tepepan,39,191,9.0,50.0
Xochimilco,Pueblo Santiago Tepalcatlalpan,44,143,3.0,48.0
Xochimilco,Pueblo Santiago Tepalcatlalpan U H Rcda Del Sur,1,7,1.0,1.0
Xochimilco,Quirino Mendoza,9,22,0.0,5.0
Xochimilco,Rancho Tejomulco,1,13,0.0,4.0
Xochimilco,Rinconada Coapa,2,16,0.0,4.0
Xochimilco,San Bartolo El Chico,2,8,0.0,2.0
Xochimilco,San Felipe,13,19,1.0,7.0
Xochimilco,San Isidro,1,21,1.0,12.0
Xochimilco,San Jeronimo,7,47,1.0,20.0
Xochimilco,San Juan Tepepan,7,56,1.0,19.0
Xochimilco,San Lorenzo La Cebada,31,195,13.0,61.0
Xochimilco,San Lucas Oriente,3,4,2.0,2.0
Xochimilco,Santa Cruz Chavarrieta,2,15,1.0,4.0
Xochimilco,Santa Cruz De Guadalupe,2,20,0.0,7.0
Xochimilco,Santa Ines,3,6,0.0,1.0
Xochimilco,Santiaguito,2,11,1.0,3.0
Xochimilco,Tablas De San Lorenzo,5,21,0.0,5.0
Xochimilco,Texmic,6,3,1.0,1.0
Xochimilco,Tierra Nueva,4,30,0.0,9.0
Xochimilco,Valle De Santa Maria,4,8,1.0,6.0
Xochimilco,Xochipilli,5,9,3.0,2.0
Álvaro Obregón,1Ra Ampliacion Presidentes,1,17,0.0,5.0
Álvaro Obregón,1Ra Seccion Cañada,4,12,1.0,4.0
Álvaro Obregón,1Ra Victoria,10,54,0.0,23.0
Álvaro Obregón,2Da Ampliacion Presidentes,5,45,0.0,11.0
Álvaro Obregón,2Da Seccion Cañada,1,3,0.0,0.0
Álvaro Obregón,2Do Reacomodo Tlacuitlapa,3,35,0.0,9.0
Álvaro Obregón,Abraham M Gonzalez,2,3,0.0,0.0
Álvaro Obregón,Acueducto,3,24,0.0,3.0
Álvaro Obregón,Alcantarilla,1,14,0.0,6.0
Álvaro Obregón,Alfonso Xiii,17,85,2.0,22.0
Álvaro Obregón,Altavista,3,7,1.0,1.0
Álvaro Obregón,Ampliacion Alpes,16,20,0.0,3.0
Álvaro Obregón,Ampliacion Estado De Hidalgo,1,2,0.0,0.0
Álvaro Obregón,Ampliacion Jalalpa,2,14,0.0,5.0
Álvaro Obregón,Ampliacion La Cebada,1,8,0.0,2.0
Álvaro Obregón,Ampliacion La Mexicana,5,47,1.0,13.0
Álvaro Obregón,Ampliacion Las Aguilas,4,79,0.0,29.0
Álvaro Obregón,Ampliacion Lomas De San Bernabe,1,3,0.0,2.0
Álvaro Obregón,Ampliacion Piloto Adolfo Lopez Mateos,11,47,0.0,15.0
Álvaro Obregón,Ampliacion Tepeaca,1,12,0.0,0.0
Álvaro Obregón,Arturo Martinez,2,49,0.0,13.0
Álvaro Obregón,Arvide,3,76,1.0,20.0
Álvaro Obregón,Atlamaya,2,19,0.0,5.0
Álvaro Obregón,Ave Real,2,21,0.0,8.0
Álvaro Obregón,Balcones De Cehuayo,2,39,0.0,17.0
Álvaro Obregón,Barrio Alfalfar,9,25,1.0,5.0
Álvaro Obregón,Barrio La Otra Banda,11,79,1.0,25.0
Álvaro Obregón,Barrio Loreto,12,63,6.0,15.0
Álvaro Obregón,Barrio Norte,14,148,4.0,52.0
Álvaro Obregón,Barrio Santa Maria Nonoalco,6,25,0.0,9.0
Álvaro Obregón,Bejero Del Pueblo Santa Fe,2,6,0.0,2.0
Álvaro Obregón,Belem De Las Flores,6,51,2.0,17.0
Álvaro Obregón,Bellavista,8,121,0.0,33.0
Álvaro Obregón,Bonanza,3,6,1.0,1.0
Álvaro Obregón,Calzada Jalalpa,2,17,0.0,4.0
Álvaro Obregón,Campestre,15,51,0.0,7.0
Álvaro Obregón,Canutillo,1,8,0.0,2.0
Álvaro Obregón,Canutillo 2Da Seccion,3,19,1.0,7.0
Álvaro Obregón,Carlos A Madrazo,10,25,0.0,8.0
Álvaro Obregón,Carola,28,88,0.0,22.0
Álvaro Obregón,Cehuaya,1,5,0.0,0.0
Álvaro Obregón,Chimalistac,8,110,1.0,22.0
Álvaro Obregón,Colina Del Sur,24,78,4.0,13.0
Álvaro Obregón,Colinas De Tarango,7,33,1.0,9.0
Álvaro Obregón,Corpus Christy,8,82,1.0,22.0
Álvaro Obregón,Cove,12,48,0.0,10.0
Álvaro Obregón,Cristo Rey,11,113,1.0,34.0
Álvaro Obregón,Cuevitas,1,33,0.0,6.0
Álvaro Obregón,Desarrollo Urbano,3,33,0.0,8.0
Álvaro Obregón,Dos Rios Del Pueblo De Santa Lucia,7,7,0.0,0.0
Álvaro Obregón,Ejido San Mateo,1,2,0.0,0.0
Álvaro Obregón,El Capulin,4,28,0.0,13.0
Álvaro Obregón,El Encino Del Pueblo Tetelpan,2,11,0.0,4.0
Álvaro Obregón,El Piru 2Da Ampliacion,3,3,0.0,2.0
Álvaro Obregón,El Piru Santa Fe,1,9,0.0,1.0
Álvaro Obregón,El Pirul,1,15,0.0,6.0
Álvaro Obregón,El Pocito,1,6,1.0,3.0
Álvaro Obregón,El Politoco,1,7,0.0,2.0
Álvaro Obregón,El Rincon,1,4,0.0,0.0
Álvaro Obregón,El Tejocote,2,15,0.0,9.0
Álvaro Obregón,Ermita Tizapan,10,17,1.0,4.0
Álvaro Obregón,Estado De Hidalgo,4,11,2.0,4.0
Álvaro Obregón,Ex-Hacienda De Guadalupe Chimalistac,15,49,2.0,8.0
Álvaro Obregón,Flor De Maria,9,45,1.0,10.0
Álvaro Obregón,Florida,38,115,1.0,28.0
Álvaro Obregón,Francisco Villa,6,55,0.0,13.0
Álvaro Obregón,Garcimarrero,8,72,0.0,19.0
Álvaro Obregón,Golondrinas,2,14,0.0,7.0
Álvaro Obregón,Golondrinas 2Da Seccion,3,28,0.0,6.0
Álvaro Obregón,Guadalupe Inn,46,216,3.0,47.0
Álvaro Obregón,Heron Proal,8,37,1.0,11.0
Álvaro Obregón,Hidalgo,6,33,0.0,4.0
Álvaro Obregón,Hogar Y Redencion,10,40,1.0,9.0
Álvaro Obregón,Hueytlale,1,5,0.0,2.0
Álvaro Obregón,Isidro Fabela,2,9,0.0,4.0
Álvaro Obregón,Jalalpa El Grande,2,95,0.0,32.0
Álvaro Obregón,Jalalpa Tepito,3,23,0.0,12.0
Álvaro Obregón,Jalalpa Tepito 2Da Ampliacion,4,85,0.0,31.0
Álvaro Obregón,Jardines Del Pedregal,61,358,4.0,76.0
Álvaro Obregón,Jose Maria Pino Suarez,13,72,0.0,20.0
Álvaro Obregón,La Angostura,2,32,0.0,9.0
Álvaro Obregón,La Cascada,9,16,5.0,1.0
Álvaro Obregón,La Conchita,2,27,0.0,12.0
Álvaro Obregón,La Herradura Del Pueblo Tetelpan,5,7,0.0,3.0
Álvaro Obregón,La Huerta,2,6,1.0,4.0
Álvaro Obregón,La Joya,6,15,0.0,5.0
Álvaro Obregón,La Joyita Del Pueblo Tetelpan,1,12,0.0,3.0
Álvaro Obregón,La Martinica,2,22,1.0,7.0
Álvaro Obregón,La Milagrosa,1,9,1.0,3.0
Álvaro Obregón,La Peñita Del Pueblo Tetelpan,1,16,0.0,6.0
Álvaro Obregón,La Presa,1,11,0.0,3.0
Álvaro Obregón,Las Aguilas,12,87,2.0,19.0
Álvaro Obregón,Las Aguilas 1Ra Seccion,3,37,0.0,12.0
Álvaro Obregón,Las Aguilas 2Do Parque,1,5,0.0,1.0
Álvaro Obregón,Las Aguilas 3Er Parque,3,20,0.0,4.0
Álvaro Obregón,Las Americas,2,17,0.0,4.0
Álvaro Obregón,Liberales De 1857,9,37,1.0,19.0
Álvaro Obregón,Llano Redondo,1,10,0.0,3.0
Álvaro Obregón,Lomas Axomiatla,2,18,0.0,5.0
Álvaro Obregón,Lomas De Becerra,26,98,0.0,41.0
Álvaro Obregón,Lomas De Capula,11,32,6.0,11.0
Álvaro Obregón,Lomas De Chamontoya,7,50,0.0,23.0
Álvaro Obregón,Lomas De La Era,20,160,3.0,54.0
Álvaro Obregón,Lomas De Las Aguilas,21,18,3.0,4.0
Álvaro Obregón,Lomas De Los Angeles Pueblo Tetelpan,29,32,2.0,13.0
Álvaro Obregón,Lomas De Los Cedros,16,36,2.0,12.0
Álvaro Obregón,Lomas De Nuevo Mexico,1,17,0.0,6.0
Álvaro Obregón,Lomas De Plateros,34,138,10.0,37.0
Álvaro Obregón,Lomas De Puerta Grande,1,18,0.0,4.0
Álvaro Obregón,Lomas De San Angel Inn,11,65,1.0,11.0
Álvaro Obregón,Lomas De Santa Fe,1,7,0.0,1.0
Álvaro Obregón,Lomas De Tarango,6,48,0.0,11.0
Álvaro Obregón,Los Alpes,23,136,3.0,32.0
Álvaro Obregón,Maria G De Garcia Ruiz,3,35,1.0,12.0
Álvaro Obregón,Martires De Tacubaya,2,13,0.0,4.0
Álvaro Obregón,Merced Gomez,31,196,5.0,55.0
Álvaro Obregón,Miguel Hidalgo,1,10,0.0,1.0
Álvaro Obregón,Minas Cristo Rey,10,73,0.0,18.0
Álvaro Obregón,Molino De Rosas,18,79,9.0,22.0
Álvaro Obregón,Molino De Santo Domingo,12,80,1.0,32.0
Álvaro Obregón,Olivar De Los Padres,34,131,5.0,36.0
Álvaro Obregón,Olivar Del Conde 1Ra Seccion,19,185,3.0,45.0
Álvaro Obregón,Olivar Del Conde 2Da Seccion,19,139,1.0,45.0
Álvaro Obregón,Palmas,12,36,4.0,12.0
Álvaro Obregón,Paraiso,5,54,0.0,25.0
Álvaro Obregón,Paseo De Las Lomas,14,14,0.0,1.0
Álvaro Obregón,Piloto Adolfo Lopez Mateos,9,56,2.0,12.0
Álvaro Obregón,Polvora,1,10,0.0,4.0
Álvaro Obregón,Ponciano Arriaga,2,12,0.0,2.0
Álvaro Obregón,Preconcreto,2,12,0.0,2.0
Álvaro Obregón,Presidentes,7,48,0.0,16.0
Álvaro Obregón,Progreso Tizapan,33,184,3.0,44.0
Álvaro Obregón,Pueblo Axotla,23,69,0.0,12.0
Álvaro Obregón,Pueblo Nuevo,1,15,0.0,6.0
Álvaro Obregón,Pueblo San Bartolo Ameyalco,31,208,6.0,57.0
Álvaro Obregón,Pueblo Santa Fe,17,101,0.0,22.0
Álvaro Obregón,Pueblo Santa Lucia,19,120,2.0,43.0
Álvaro Obregón,Pueblo Santa Lucia Chantepec,1,14,0.0,3.0
Álvaro Obregón,Pueblo Santa Rosa Xochiac,17,85,2.0,29.0
Álvaro Obregón,Pueblo Tetelpan,14,54,5.0,16.0
Álvaro Obregón,Pueblo Tizapan,31,146,2.0,38.0
Álvaro Obregón,Pueblo Tlacopac,13,27,0.0,7.0
Álvaro Obregón,Puente Colorado,7,55,0.0,22.0
Álvaro Obregón,Puerta Grande,1,32,1.0,10.0
Álvaro Obregón,Punta De Ceguaya,7,20,0.0,5.0
Álvaro Obregón,Rancho Del Carmen Del Pueblo San Bartolo Ameyalco,1,1,0.0,1.0
Álvaro Obregón,Rancho San Francisco Del Pblo San Bartolo Ameyalco,1,3,0.0,1.0
Álvaro Obregón,Reacomodo El Cuernito,1,23,0.0,8.0
Álvaro Obregón,Reacomodo Pino Suarez,1,6,0.0,5.0
Álvaro Obregón,Reacomodo Valentin Gomez Farias,13,13,11.0,8.0
Álvaro Obregón,Real Del Monte,7,45,1.0,17.0
Álvaro Obregón,Rincon De La Bolsa,3,8,1.0,3.0
Álvaro Obregón,Rinconada Las Cuevitas,6,18,1.0,9.0
Álvaro Obregón,Sacramento,2,24,0.0,10.0
Álvaro Obregón,San Agustin Del Pueblo Tetelpan,10,31,1.0,7.0
Álvaro Obregón,San Angel,26,161,0.0,45.0
Álvaro Obregón,San Angel Inn,4,24,2.0,6.0
Álvaro Obregón,San Gabriel,5,32,0.0,7.0
Álvaro Obregón,San Jeronimo Aculco,1,11,0.0,3.0
Álvaro Obregón,San Jeronimo Lidice,1,4,1.0,2.0
Álvaro Obregón,San Jose Del Olivar,1,7,0.0,3.0
Álvaro Obregón,San Pedro De Los Pinos,4,106,0.0,22.0
Álvaro Obregón,Santa Fe,3,71,0.0,18.0
Álvaro Obregón,Santa Fe Centro Ciudad,10,101,7.0,28.0
Álvaro Obregón,Santa Fe La Loma,3,25,0.0,3.0
Álvaro Obregón,Santa Fe Peña Blanca,10,80,1.0,18.0
Álvaro Obregón,Santa Fe Tlayapaca,1,1,0.0,0.0
Álvaro Obregón,Tarango,8,23,0.0,4.0
Álvaro Obregón,Tecalcapa Del Pueblo Tetelpan,3,2,0.0,0.0
Álvaro Obregón,Tepeaca,2,5,1.0,3.0
Álvaro Obregón,Tizampampano Del Pueblo Tetelpan,6,6,0.0,1.0
Álvaro Obregón,Tlacoyaque,9,37,1.0,11.0
Álvaro Obregón,Tlacuitlapa,4,26,2.0,9.0
Álvaro Obregón,Tlapechico,1,26,0.0,8.0
Álvaro Obregón,Tolteca,1,46,0.0,8.0
Álvaro Obregón,Torres De Potrero,15,145,4.0,44.0
Álvaro Obregón,Villa Progresista,4,20,1.0,4.0
Álvaro Obregón,Villa Verdun,3,9,0.0,1.0
Álvaro Obregón,Zenon Delgado,5,35,1.0,14.0
Álvaro Obregón,Zona Federal,4,5,1.0,1.0
